ID,LoanApproved
0,0.99919087
1,0.0016817917
2,0.9996119
3,0.99968874
4,0.99853706
5,0.0010598
6,0.9998994
7,0.99954283
8,0.75254375
9,0.00015493242
10,0.994997
11,0.81668764
12,0.28243646
13,0.99971515
14,0.99491185
15,0.001716242
16,0.9999622
17,0.9985354
18,0.00017106367
19,0.00015414554
20,0.0003802735
21,0.9992588
22,0.0023283637
23,0.4721961
24,0.33839688
25,0.99986446
26,0.9991173
27,0.9998097
28,0.0010739303
29,9.394832e-05
30,0.9974975
31,0.007260351
32,0.9891606
33,0.99636155
34,0.9986883
35,0.9995622
36,0.0051384335
37,0.043471895
38,0.916983
39,0.0016403189
40,0.00016926059
41,0.8362015
42,0.007593297
43,0.99977297
44,0.60950476
45,0.9994429
46,0.99372935
47,0.00034940243
48,0.9998803
49,0.9997296
50,0.0005209285
51,0.009505304
52,0.12184294
53,0.9993198
54,0.9444563
55,0.5515726
56,0.01834748
57,0.999585
58,0.99845195
59,0.0006454115
60,0.00093923445
61,0.0020605617
62,0.9983412
63,0.00021754586
64,0.99845624
65,0.9963217
66,0.0016593664
67,8.3877574e-05
68,0.99966514
69,0.00022611875
70,0.9996147
71,0.99971944
72,0.00031890307
73,0.076343626
74,0.006123591
75,0.0001674754
76,0.00014689726
77,0.9999101
78,0.0018380984
79,0.0029013928
80,0.00012680437
81,0.32463783
82,0.0007430058
83,0.99950504
84,0.00022247042
85,0.00017217644
86,0.00035172483
87,0.99990916
88,0.9968322
89,0.02346912
90,0.9933821
91,0.92345065
92,0.8820597
93,0.9999176
94,0.98800534
95,0.9993088
96,0.9987331
97,0.00013165965
98,0.9578552
99,0.010531222
100,0.99983335
101,0.9991234
102,0.00016260488
103,0.00017501696
104,0.9993185
105,0.0006270267
106,0.0011183023
107,0.00035986304
108,0.99887663
109,0.00029758541
110,0.00023948494
111,0.00045939456
112,0.000264801
113,0.0005501311
114,0.0010632231
115,0.9939831
116,0.0003632663
117,0.0011156459
118,0.88036436
119,0.98639154
120,0.9990796
121,0.0018706929
122,0.9747649
123,0.069332935
124,0.9875924
125,0.0017613305
126,0.9987519
127,0.9996983
128,0.99969006
129,0.0028528012
130,0.99871695
131,0.00027942477
132,5.8974292e-05
133,0.00019402047
134,0.9999553
135,0.9779955
136,0.9999497
137,0.228359
138,0.99995923
139,0.95161724
140,0.033083417
141,0.8436815
142,0.9996481
143,0.99916303
144,0.0307273
145,0.9998511
146,0.06677516
147,0.0011809337
148,0.0009389705
149,0.0005951861
150,0.91286397
151,0.9663031
152,0.00030844097
153,0.98677176
154,0.00013994172
155,0.9998747
156,0.001515152
157,0.0029079444
158,0.00017351353
159,0.0024205707
160,0.8276327
161,0.9678339
162,0.00016235745
163,0.4600429
164,0.9826879
165,0.02252773
166,0.6584683
167,0.83689487
168,0.9979461
169,0.99355775
170,0.8602493
171,0.16040449
172,0.011878106
173,0.9879665
174,0.9894791
175,0.0064076968
176,0.9211682
177,0.99759513
178,0.9705657
179,5.8506677e-05
180,0.3464047
181,0.9998914
182,0.021527648
183,0.0024527446
184,0.00057172996
185,0.0007617634
186,5.8905498e-05
187,0.34461173
188,0.99979407
189,0.99996924
190,0.99977666
191,0.00032116883
192,0.28852332
193,0.99984396
194,0.0005938508
195,0.99986005
196,0.99955183
197,0.0034577963
198,0.0010237464
199,0.98267406
200,0.99961334
201,0.065985344
202,0.99596304
203,0.9993544
204,0.00025953262
205,0.0018354484
206,5.4929435e-05
207,0.9530808
208,0.0021544532
209,0.883949
210,0.9224726
211,0.9992384
212,0.0002349626
213,0.20387174
214,0.9975158
215,0.010195279
216,0.0007840531
217,0.22116488
218,0.13688831
219,0.99791425
220,0.9997023
221,0.99867153
222,0.9993574
223,0.04655161
224,0.9991736
225,0.0049120323
226,0.0007108587
227,0.99947745
228,0.16076396
229,0.99825686
230,0.8890625
231,0.05653951
232,0.7993752
233,0.50745857
234,0.0023214247
235,0.02713039
236,0.9995003
237,0.012503021
238,0.071416445
239,0.997965
240,0.0001491738
241,0.000112618756
242,0.07091037
243,8.952955e-05
244,7.823022e-05
245,0.000346048
246,0.9999658
247,0.99863833
248,0.00023656963
249,0.9999577
250,0.0064671165
251,0.99797493
252,0.74955183
253,0.0016245464
254,0.028312651
255,0.9998254
256,0.2586109
257,0.00087382883
258,0.012659691
259,0.99972445
260,0.0005209101
261,0.0034339614
262,0.9997838
263,0.0003642753
264,0.00043866926
265,0.99950624
266,0.9634053
267,0.99225473
268,0.0032052884
269,0.00020149194
270,0.884422
271,0.0002244181
272,0.9997044
273,0.116330355
274,0.9916681
275,0.95798826
276,0.00013458573
277,0.85041046
278,0.13812844
279,0.99923253
280,0.0012735709
281,0.008665063
282,0.19549125
283,0.16914178
284,0.99410653
285,0.99988973
286,0.9975809
287,9.721353e-05
288,0.03719111
289,0.81282604
290,0.8930601
291,0.9787259
292,0.037912745
293,0.0025145018
294,0.9997917
295,0.0020876068
296,6.110859e-05
297,0.98155653
298,0.97014576
299,0.0005358722
300,0.016220234
301,9.166542e-05
302,0.9340253
303,0.9942484
304,0.01655719
305,0.99990964
306,0.99981827
307,0.00015274547
308,0.76360816
309,0.99701715
310,0.00027055448
311,0.0020977277
312,0.37144077
313,0.6641039
314,0.0008332255
315,0.00053372263
316,0.99496114
317,0.99941504
318,0.0020485392
319,0.9994572
320,0.9999031
321,0.43244758
322,0.0001096279
323,0.00037007194
324,0.00035722868
325,0.42215347
326,0.00033914752
327,0.9998184
328,0.9959837
329,0.99984086
330,0.9942123
331,0.0037648736
332,0.99840695
333,0.05682264
334,0.017779017
335,0.0009768053
336,0.000453531
337,0.9999263
338,0.99209213
339,0.02850654
340,0.0025494995
341,5.050837e-05
342,7.169394e-05
343,0.0028463802
344,0.99966884
345,0.9998746
346,0.13953188
347,0.97799915
348,0.99135953
349,0.9985929
350,0.8308342
351,0.99943334
352,0.32744938
353,0.9997625
354,0.9997068
355,0.99957544
356,0.9999685
357,0.9999349
358,0.9813223
359,0.001251147
360,0.99830985
361,0.99975497
362,0.9965491
363,0.0008566431
364,0.028150626
365,0.11252547
366,0.0021290428
367,0.99965477
368,0.0007126959
369,0.6034434
370,0.9998373
371,0.99989283
372,0.9989938
373,6.962939e-05
374,0.07445548
375,0.99248284
376,0.999918
377,0.0017247768
378,0.9919355
379,0.0009870356
380,0.99047744
381,0.97764915
382,0.00015223584
383,0.00020539507
384,0.56227154
385,0.0003266758
386,0.99957556
387,0.62506825
388,0.7930489
389,0.9930576
390,0.00022531686
391,0.00017975527
392,0.0030198784
393,0.999846
394,0.0002596237
395,8.892281e-05
396,0.99957746
397,0.9987984
398,0.0001107862
399,0.9691073
400,0.19446464
401,0.0016255636
402,0.9997973
403,9.8461256e-05
404,0.00014492497
405,0.087752
406,0.99984825
407,0.001106829
408,0.27122626
409,0.99914885
410,0.95440674
411,0.9998559
412,0.9999018
413,0.7316863
414,0.00038110133
415,0.97508436
416,0.0043518264
417,0.9993806
418,0.9999081
419,0.9929223
420,0.99991286
421,0.9985678
422,0.99971884
423,0.14750993
424,0.9998597
425,0.03372984
426,0.99827814
427,0.99867696
428,0.0048948103
429,0.999086
430,0.0038819185
431,0.99956053
432,0.00023809883
433,0.00049586484
434,0.000163978
435,0.0053711617
436,0.9996762
437,0.0001294337
438,0.94127744
439,0.007597797
440,0.00089708756
441,0.994457
442,0.000119316195
443,0.000349964
444,0.0011358665
445,0.00012487774
446,0.00083559693
447,0.011656537
448,0.013574767
449,0.00066055136
450,0.0043979264
451,0.0011339843
452,0.9995401
453,0.0020522703
454,0.037039712
455,0.007166937
456,0.97934604
457,0.14110805
458,0.98855853
459,0.30955598
460,0.99803966
461,0.99264646
462,0.99996316
463,0.047943838
464,0.99984443
465,0.020645209
466,0.99986064
467,0.012513358
468,0.9624981
469,0.00015115777
470,0.005057169
471,0.00023994411
472,0.9978815
473,0.9994659
474,0.9999236
475,0.00025299352
476,0.9998617
477,0.00011823209
478,0.99973863
479,0.2626208
480,0.005231434
481,0.9929831
482,0.0014553553
483,0.9907788
484,0.99945754
485,0.023995038
486,0.0021064747
487,0.9994987
488,0.0008713823
489,0.9998884
490,8.765374e-05
491,0.99989843
492,0.00021304289
493,0.9925593
494,0.00040669987
495,0.99976367
496,0.00035908853
497,0.00032906892
498,0.8797428
499,0.999752
500,0.14507839
501,0.89145553
502,0.0006021366
503,0.99932516
504,0.65681905
505,0.01418479
506,0.06899447
507,0.00014064014
508,0.999925
509,0.00055477675
510,0.041980185
511,0.456591
512,0.9998196
513,0.00014635785
514,0.00046452688
515,0.99982846
516,0.89941555
517,0.41722178
518,0.9960847
519,0.751702
520,0.06367421
521,0.00037713983
522,0.0002294531
523,0.98087114
524,0.96913725
525,0.0002898031
526,0.040953007
527,0.040992457
528,0.9823607
529,0.9998752
530,0.9995733
531,0.9987073
532,0.29412925
533,0.00084624754
534,0.03871752
535,0.99619776
536,0.044252735
537,0.00081716944
538,2.7509837e-05
539,0.00035180314
540,0.00017263953
541,0.99595946
542,0.00044573116
543,0.06284881
544,0.008203488
545,0.00016595142
546,0.0007067921
547,0.02325111
548,0.00045963813
549,0.00019289914
550,0.95089346
551,0.9974401
552,0.00069173233
553,0.9956196
554,0.0040918454
555,0.11093961
556,0.06906826
557,0.9769832
558,4.9137667e-05
559,0.99837685
560,0.99141324
561,0.0026692536
562,0.0015895595
563,0.003784821
564,0.99970716
565,0.016194962
566,0.071204886
567,0.99766564
568,0.0047042402
569,0.9991621
570,0.0002907008
571,0.9980434
572,0.0006441861
573,0.00071150117
574,0.51290333
575,0.42609504
576,0.4082175
577,0.9982937
578,0.00041888928
579,0.9885739
580,0.99912435
581,0.9998223
582,0.0001280917
583,0.1441834
584,0.9993824
585,0.99957556
586,7.5299315e-05
587,0.10062856
588,0.21100487
589,0.9997037
590,0.00022993074
591,0.9952792
592,0.0004174029
593,0.001205701
594,0.0007852756
595,0.99972945
596,0.00037316524
597,0.9559276
598,0.0069908504
599,0.17271717
600,0.99626994
601,0.00025473474
602,0.0009904677
603,0.14787526
604,0.0038469797
605,0.9978477
606,0.964367
607,0.010013159
608,0.9998839
609,0.9979183
610,0.17736022
611,0.9855687
612,0.9787571
613,0.954353
614,0.9915856
615,0.9983582
616,0.99980265
617,0.99575496
618,0.48848373
619,0.81867236
620,0.99920636
621,0.0007347192
622,0.0029100121
623,0.06911342
624,0.6196722
625,0.00047437495
626,0.961675
627,0.00041475336
628,0.00032698023
629,0.99971277
630,0.9927799
631,0.99935097
632,0.00029487757
633,0.9984763
634,0.9992446
635,0.9459739
636,0.855482
637,0.0025490033
638,0.9994448
639,0.0053633084
640,0.00026347133
641,0.44187352
642,0.9959687
643,0.00464015
644,0.0026576903
645,0.99627244
646,0.00016555881
647,9.580084e-05
648,0.003446266
649,0.00021940772
650,0.99990463
651,0.9999448
652,0.99954814
653,0.99848145
654,0.99744874
655,0.9368088
656,0.98911744
657,0.00013719154
658,0.81378114
659,0.990706
660,0.91504097
661,0.99996686
662,0.9995983
663,0.9995461
664,0.16555296
665,0.002382116
666,0.9960348
667,0.9930888
668,0.14785132
669,0.95765907
670,0.99939704
671,0.9996294
672,0.99995935
673,0.6306191
674,0.9909808
675,0.010323757
676,0.1826
677,0.9917739
678,0.98557335
679,0.00023022603
680,0.0009864024
681,0.83205044
682,0.96643394
683,0.99017394
684,0.9988938
685,0.020397175
686,0.00044495685
687,0.9998423
688,5.6115732e-05
689,0.0076253624
690,0.8265192
691,0.004558504
692,0.00013026029
693,0.8028317
694,0.99965036
695,0.00015071794
696,0.0060584755
697,8.0150196e-05
698,0.0006647725
699,0.9968658
700,0.00073424913
701,0.96779096
702,0.99929035
703,0.99979824
704,0.9998435
705,0.9999523
706,0.52318984
707,0.0004041926
708,0.00024549232
709,0.9361445
710,0.028977731
711,0.15902114
712,0.99992156
713,0.0033961844
714,0.00010816852
715,0.99995077
716,0.99774337
717,0.010770461
718,0.9372604
719,0.999553
720,0.0038474717
721,0.0024257114
722,0.9999261
723,0.99725986
724,0.00030392435
725,0.30784914
726,0.98636657
727,0.87613493
728,0.00020021076
729,0.9999186
730,0.99146265
731,0.0034663014
732,0.9989588
733,0.4792561
734,0.027348626
735,0.9998741
736,0.00094302243
737,0.05863962
738,0.99884206
739,0.99984694
740,0.9986675
741,0.0013693561
742,0.99610007
743,0.36482137
744,0.99937564
745,0.43680662
746,0.7452775
747,0.0008738634
748,0.98476136
749,0.9964426
750,0.00042756906
751,0.048655298
752,0.0005484283
753,0.17231284
754,0.73437685
755,0.20540255
756,0.9998573
757,0.0003393029
758,0.00034435498
759,0.066044986
760,0.99986327
761,0.8418818
762,0.9975931
763,0.99403363
764,5.4700427e-05
765,0.00061735243
766,0.99986184
767,0.0001847407
768,0.99751294
769,0.23977914
770,0.9963253
771,0.00035681005
772,0.013389668
773,0.9997317
774,0.9931306
775,0.9893889
776,0.9983431
777,0.99844354
778,0.9991867
779,0.9993228
780,0.33229834
781,0.051472064
782,0.00031904114
783,0.0001513001
784,0.9996468
785,0.99776363
786,0.20152259
787,5.320684e-05
788,0.0033863217
789,0.91730404
790,0.00055718125
791,0.9998926
792,0.9974964
793,0.99893063
794,0.00018729635
795,0.68420035
796,0.9605161
797,0.99991655
798,0.00040583426
799,0.000118627686
800,0.00043107307
801,0.7302332
802,0.9982961
803,0.006522651
804,0.0033967656
805,0.0006703569
806,0.0014449031
807,0.036430452
808,0.0009229344
809,0.020414751
810,4.3758067e-05
811,0.644309
812,0.99995184
813,0.0004003784
814,0.99688894
815,0.00076440704
816,0.99987555
817,0.067745015
818,0.00041517406
819,0.9998022
820,0.99967444
821,0.09248871
822,0.8933852
823,0.0102191875
824,0.0002643795
825,8.626126e-05
826,0.380896
827,0.20451228
828,0.9996402
829,0.6569724
830,0.91946226
831,0.0019460466
832,0.9910398
833,0.02358836
834,0.9986786
835,0.015839152
836,0.9907025
837,0.99918455
838,0.99786097
839,0.030915897
840,0.042523872
841,9.788868e-05
842,0.016609877
843,0.99329466
844,0.00015528029
845,0.9676388
846,0.996121
847,0.9998318
848,0.0012259107
849,0.827093
850,0.9996892
851,0.0014896897
852,0.0017621331
853,0.96565807
854,0.99964845
855,0.9962664
856,0.0018497761
857,0.9998379
858,0.9838958
859,0.04032913
860,0.9990128
861,0.45230687
862,0.8471955
863,0.9999219
864,0.9998379
865,0.0117352065
866,0.000421066
867,0.9777623
868,0.20159324
869,0.00061075645
870,0.99910575
871,0.99932003
872,0.028383061
873,0.022076013
874,0.99993074
875,0.013096281
876,0.99973077
877,0.9995214
878,0.8612947
879,0.9999263
880,0.9597922
881,0.99981123
882,0.027169868
883,0.9998043
884,0.5359175
885,0.9996991
886,0.002313718
887,0.00049608795
888,0.004334195
889,0.7644262
890,0.99982965
891,0.9930641
892,0.00011305625
893,0.99789524
894,0.97449976
895,0.99984264
896,0.30888402
897,0.016447034
898,0.005807441
899,0.0064381543
900,0.9998301
901,0.000723133
902,0.0005150671
903,0.0008863469
904,0.04854429
905,0.00092737126
906,0.99544144
907,0.00021749319
908,0.6118741
909,0.005891549
910,0.3606292
911,0.00023268927
912,0.00015778447
913,0.0065928935
914,0.9998147
915,0.38807338
916,0.08061142
917,0.00705067
918,0.9999237
919,0.9652967
920,0.998831
921,0.99980193
922,0.005766791
923,0.99947363
924,0.0007010802
925,0.0004102081
926,0.13680814
927,0.99486345
928,0.49804473
929,0.99962187
930,0.99933463
931,0.9998406
932,0.99949265
933,0.77417237
934,0.9946524
935,0.048732843
936,0.001226237
937,0.99923277
938,0.00026837867
939,0.0009910449
940,0.0017391514
941,0.9430165
942,0.69604725
943,0.18644935
944,0.99911386
945,6.892601e-05
946,0.9984957
947,0.20422447
948,0.02905666
949,0.33593985
950,0.985112
951,0.0017881657
952,0.00086365925
953,0.04323518
954,0.9629545
955,0.00032453146
956,0.00028218847
957,0.12769943
958,0.9307231
959,0.9980654
960,0.99983585
961,0.7491551
962,0.89978594
963,0.00012690647
964,0.011567409
965,0.9998393
966,0.9989629
967,0.00014261504
968,0.9999249
969,0.99995124
970,0.006072009
971,0.99114734
972,0.99991703
973,0.97824746
974,0.9999031
975,0.93775433
976,0.22875409
977,0.0002887091
978,0.00030570664
979,0.9999286
980,0.054542348
981,0.6833144
982,8.0776226e-05
983,0.9985051
984,0.0010921187
985,0.4595437
986,0.996002
987,3.858343e-05
988,0.99548304
989,9.505348e-05
990,0.7956956
991,0.0038414984
992,0.538261
993,0.9998306
994,0.0027048576
995,0.99979764
996,0.99846065
997,0.9978263
998,0.0014173047
999,0.99974185
1000,0.9936488
1001,0.0597586
1002,0.9224654
1003,0.0014973896
1004,0.0030831792
1005,0.99987197
1006,0.00038148533
1007,0.99961746
1008,0.5306125
1009,0.99804723
1010,0.0030656182
1011,0.9992938
1012,0.9750514
1013,0.014018178
1014,0.3796462
1015,8.999511e-05
1016,0.87535393
1017,0.1671306
1018,0.9984042
1019,0.0004934018
1020,0.99943167
1021,0.968648
1022,0.92829823
1023,0.00035819068
1024,0.0009301224
1025,0.99461573
1026,0.9998388
1027,0.9995865
1028,0.9999218
1029,0.9998399
1030,0.0024010318
1031,0.998574
1032,0.99924755
1033,0.99990034
1034,0.99987185
1035,0.00030132022
1036,0.00013128143
1037,0.00012824313
1038,0.004065227
1039,0.0009507431
1040,0.0014775954
1041,0.999321
1042,0.000118226
1043,0.0010528278
1044,0.9994747
1045,0.0046235607
1046,0.7638383
1047,0.9971943
1048,0.015433374
1049,0.9988451
1050,0.99552405
1051,0.0002790438
1052,0.95838
1053,0.03588048
1054,0.0013241267
1055,0.5626621
1056,0.9996138
1057,0.9995035
1058,0.179787
1059,0.99976295
1060,0.00014859499
1061,0.72919947
1062,0.00023490614
1063,0.0021789416
1064,0.82720524
1065,0.871766
1066,0.0018485317
1067,0.5608363
1068,0.9947189
1069,0.9881869
1070,0.07751822
1071,0.9998956
1072,0.002048196
1073,0.80496186
1074,0.36379603
1075,0.9903571
1076,0.00023857265
1077,0.7373357
1078,0.00043849027
1079,0.005545442
1080,0.9998703
1081,0.99891496
1082,0.99709415
1083,0.003360321
1084,0.13897479
1085,0.999785
1086,0.99981314
1087,0.00090035703
1088,0.9990415
1089,0.9990018
1090,0.9997844
1091,0.00032884156
1092,0.00022169226
1093,0.9999566
1094,0.9962852
1095,0.0005144461
1096,0.92487603
1097,0.00018986527
1098,0.0011538672
1099,4.2188512e-05
1100,0.9945115
1101,0.9987966
1102,0.13036138
1103,0.99985397
1104,0.0011578442
1105,0.9979948
1106,0.008425891
1107,0.043812633
1108,0.99985695
1109,0.009876469
1110,0.9953512
1111,0.3763062
1112,0.009062679
1113,0.99804497
1114,0.002097052
1115,0.0004190972
1116,0.013888162
1117,0.99989367
1118,0.010530631
1119,0.22136012
1120,0.9991215
1121,0.99180764
1122,0.99967086
1123,0.75417536
1124,0.0062465672
1125,0.9999167
1126,0.06918427
1127,0.4186471
1128,0.9425487
1129,0.99643886
1130,0.000874062
1131,0.00028881372
1132,0.86348766
1133,0.99264234
1134,0.00020084706
1135,0.9460762
1136,0.94659984
1137,0.7963614
1138,0.056129124
1139,0.59757286
1140,0.6598902
1141,0.50050867
1142,0.00012167606
1143,0.99994075
1144,0.00090141926
1145,0.0001206019
1146,0.9997911
1147,0.05057082
1148,0.99939513
1149,0.00010946849
1150,0.9945022
1151,0.9985506
1152,0.99895585
1153,0.002142668
1154,0.9997894
1155,0.9208414
1156,0.99820554
1157,0.00028361447
1158,0.4122539
1159,0.008236885
1160,0.99983656
1161,0.0016010168
1162,0.003551191
1163,0.999678
1164,0.00022448166
1165,0.0002974904
1166,0.00039492073
1167,0.0011830183
1168,0.99959534
1169,0.1710887
1170,0.99987555
1171,0.0013618027
1172,0.99952435
1173,0.024182776
1174,0.025691696
1175,0.5686548
1176,0.572514
1177,0.002283569
1178,0.97986996
1179,0.99981815
1180,0.76071805
1181,0.0001772354
1182,0.13040993
1183,0.85257643
1184,0.99463874
1185,0.98436546
1186,0.0025008044
1187,0.08395355
1188,0.99970263
1189,0.99978393
1190,0.9997447
1191,0.077971146
1192,0.94716614
1193,0.9971934
1194,0.59072727
1195,0.89453965
1196,0.99952066
1197,0.00010573896
1198,0.9995758
1199,0.1388516
1200,0.0004038325
1201,0.9998777
1202,0.00031152333
1203,0.0027806074
1204,0.00023756937
1205,0.99961674
1206,0.99931216
1207,0.042034633
1208,0.99369836
1209,0.0025426622
1210,0.75477266
1211,0.0011272174
1212,0.00071632315
1213,0.98275256
1214,0.00013995827
1215,0.00027490983
1216,0.99891543
1217,0.045690235
1218,0.99925977
1219,0.0006769403
1220,0.27616024
1221,0.72645485
1222,0.99485755
1223,0.998814
1224,0.99971277
1225,0.077739224
1226,5.3911615e-05
1227,0.0020695275
1228,0.6872346
1229,0.0060575134
1230,0.044174686
1231,0.99987173
1232,0.4856081
1233,0.005442591
1234,0.0005454978
1235,0.9887136
1236,0.00013053545
1237,0.008212936
1238,0.99534863
1239,0.9998747
1240,0.99905103
1241,0.0033204989
1242,0.9972441
1243,0.99947816
1244,4.0954914e-05
1245,0.024268115
1246,0.010478406
1247,0.9044471
1248,0.00045273776
1249,0.9998771
1250,0.98295456
1251,0.99988985
1252,0.9989987
1253,0.99884284
1254,0.000104551356
1255,0.041791692
1256,0.14143668
1257,0.00026120176
1258,0.0046069585
1259,0.0003254827
1260,0.17515548
1261,0.9998281
1262,0.992428
1263,0.0002239457
1264,0.99991107
1265,0.00041331607
1266,0.98475504
1267,0.00035810345
1268,0.9376579
1269,0.0020592758
1270,0.41283244
1271,0.9973073
1272,0.9981864
1273,0.92616206
1274,0.0009902027
1275,0.00011464539
1276,0.003866099
1277,0.9982387
1278,0.72332776
1279,0.9974673
1280,6.5149514e-05
1281,0.009615213
1282,0.94683874
1283,0.99373984
1284,0.008497327
1285,5.923537e-05
1286,0.25276628
1287,0.9913967
1288,0.9879532
1289,0.0037978708
1290,0.99935573
1291,5.5991237e-05
1292,0.008106614
1293,0.9998857
1294,0.0008554889
1295,0.00010263226
1296,0.9981536
1297,0.9883044
1298,0.9952495
1299,0.0024406686
1300,0.6279045
1301,0.00032876947
1302,0.0002534201
1303,0.0054349145
1304,0.009462923
1305,0.28205332
1306,0.9436206
1307,0.9998248
1308,0.00050323
1309,0.98320955
1310,0.08188508
1311,0.103447616
1312,0.00026905787
1313,0.992282
1314,0.99828243
1315,0.99991965
1316,0.9991748
1317,0.14696959
1318,0.9998123
1319,0.99989474
1320,0.99542433
1321,0.9371806
1322,0.000103686
1323,0.000939827
1324,0.26937774
1325,0.022667557
1326,0.48256394
1327,0.9968726
1328,0.003046524
1329,0.9993211
1330,0.01074195
1331,0.005016214
1332,0.9976513
1333,0.59971905
1334,0.00013160141
1335,0.00018505946
1336,0.00047490318
1337,0.9964909
1338,0.07388439
1339,0.23763923
1340,0.999037
1341,0.999966
1342,0.99983966
1343,0.9975183
1344,0.9989755
1345,0.998697
1346,0.09342631
1347,0.9997917
1348,0.0022193855
1349,0.0072743692
1350,0.99977964
1351,0.030065067
1352,0.9998406
1353,0.010072926
1354,0.00063948816
1355,0.98093754
1356,0.0004586794
1357,0.9638594
1358,0.99978536
1359,0.9998141
1360,0.016481835
1361,0.0037883017
1362,0.9868221
1363,0.99966276
1364,0.99985075
1365,0.24674223
1366,0.34206122
1367,0.9993912
1368,0.004038363
1369,0.9815015
1370,0.99791235
1371,0.9998431
1372,0.9998037
1373,0.0017451613
1374,0.9998828
1375,0.9997913
1376,0.00015483068
1377,0.99778265
1378,0.0009557529
1379,0.9996617
1380,0.9977041
1381,0.9625063
1382,0.99966216
1383,0.99966836
1384,0.000752603
1385,0.008434035
1386,0.00063654024
1387,0.96294016
1388,0.9995702
1389,0.9989396
1390,0.00014103955
1391,0.99910307
1392,0.00021635521
1393,0.018379064
1394,0.99100935
1395,0.0153346965
1396,0.99977297
1397,0.91274077
1398,0.05773697
1399,0.99893564
1400,0.9990459
1401,0.9954881
1402,0.998252
1403,0.99978703
1404,0.19899115
1405,5.7883626e-05
1406,0.9986093
1407,0.9989071
1408,0.07007381
1409,0.0002917531
1410,0.99982506
1411,0.96674746
1412,0.0015938977
1413,0.9797655
1414,0.06724928
1415,0.00030152453
1416,0.00013675244
1417,0.9998982
1418,0.0012700146
1419,0.0006896352
1420,0.0060883854
1421,0.0008228347
1422,9.738908e-05
1423,0.6175834
1424,0.8974236
1425,0.9911424
1426,0.9902193
1427,0.0056960033
1428,0.00064645987
1429,0.99976736
1430,0.0058669234
1431,0.9999261
1432,0.99995065
1433,0.0056851706
1434,0.064401045
1435,0.10741758
1436,0.9998202
1437,0.997591
1438,7.327783e-05
1439,0.031740166
1440,0.0017156041
1441,0.99866545
1442,0.99829596
1443,0.99975055
1444,0.99870193
1445,0.999311
1446,0.86616814
1447,0.00064014946
1448,0.014136217
1449,0.9871731
1450,0.046335932
1451,0.98126847
1452,0.9986727
1453,0.09779443
1454,0.99666923
1455,0.000917258
1456,0.00019076225
1457,0.0004195143
1458,0.9402277
1459,0.00025795968
1460,0.99979585
1461,0.0016284892
1462,0.009947903
1463,0.35377344
1464,0.007312429
1465,0.72128767
1466,0.85793984
1467,0.042158682
1468,0.9928722
1469,0.99979526
1470,0.99038166
1471,0.99950516
1472,0.99928707
1473,0.00050674897
1474,0.24170545
1475,0.011125999
1476,0.9772184
1477,0.72919536
1478,0.004663376
1479,0.001486391
1480,0.74613965
1481,0.60614353
1482,0.9991786
1483,0.00081530353
1484,0.9986265
1485,0.023369694
1486,0.0024165981
1487,0.9997919
1488,0.99844235
1489,0.99976796
1490,0.95815337
1491,0.24479762
1492,8.43164e-05
1493,8.605767e-05
1494,0.055537496
1495,0.0013867888
1496,0.012991196
1497,0.9827566
1498,0.00051301427
1499,0.014897145
1500,0.0015737833
1501,0.5636055
1502,0.00088756304
1503,0.01912503
1504,0.0004193092
1505,0.99961925
1506,0.00025165518
1507,0.98920596
1508,0.9459291
1509,0.9987325
1510,0.9626553
1511,6.915296e-05
1512,0.15504675
1513,0.99987626
1514,0.99939
1515,0.0009208464
1516,8.847503e-05
1517,0.9997781
1518,0.0020510599
1519,0.9332793
1520,0.99976736
1521,0.9980173
1522,0.44200268
1523,0.98713475
1524,0.7420355
1525,0.99846137
1526,0.99848527
1527,0.9961622
1528,0.9983552
1529,0.9453522
1530,0.00027025645
1531,0.0044453167
1532,0.00013723996
1533,0.14983462
1534,0.21657561
1535,0.9990339
1536,0.001348038
1537,0.5072428
1538,0.9989256
1539,0.010944944
1540,0.00024685977
1541,0.0028234785
1542,0.0011376694
1543,0.0003307677
1544,0.000578536
1545,0.6971365
1546,0.9830306
1547,0.038071685
1548,0.00012542431
1549,0.9987198
1550,0.99955124
1551,0.9997371
1552,0.13398713
1553,0.0075837993
1554,0.00023422179
1555,0.89260757
1556,0.9995683
1557,0.99131936
1558,0.00029909404
1559,0.0007502135
1560,0.00055137393
1561,0.99653554
1562,0.013525015
1563,0.24399555
1564,0.00022664474
1565,0.877229
1566,0.99553066
1567,0.0008327064
1568,0.9745281
1569,0.99980384
1570,0.9998104
1571,0.96509826
1572,0.0018771287
1573,0.999943
1574,0.001952584
1575,0.0016832976
1576,0.00091532466
1577,0.9990601
1578,0.0011643776
1579,0.030111035
1580,0.0047263363
1581,0.99993706
1582,0.39749506
1583,0.76106685
1584,0.8015587
1585,0.00012920926
1586,0.9935615
1587,0.9999466
1588,0.99985504
1589,0.99910635
1590,0.0023712139
1591,0.8443388
1592,0.99944276
1593,0.00094269187
1594,0.0429093
1595,0.0163414
1596,0.99979645
1597,0.020853601
1598,0.06109154
1599,0.9988807
1600,0.9310648
1601,0.0001966051
1602,0.99974483
1603,0.09489663
1604,0.9399162
1605,0.9988514
1606,0.012701199
1607,0.00030556764
1608,0.9291821
1609,0.022497984
1610,0.00082172913
1611,0.99748397
1612,0.012637658
1613,0.99955934
1614,0.99826825
1615,0.0008053312
1616,0.57388055
1617,0.25886425
1618,0.6775915
1619,0.9999256
1620,0.99989855
1621,0.6286349
1622,0.0016480897
1623,0.0026107572
1624,0.0022407072
1625,0.0007662884
1626,0.99969876
1627,0.9946285
1628,0.9994388
1629,0.9992907
1630,0.795999
1631,0.00020647247
1632,0.000415491
1633,0.95253664
1634,0.013369689
1635,0.9935368
1636,0.3713472
1637,0.11360739
1638,0.99567753
1639,0.9999386
1640,0.49916562
1641,0.9944601
1642,0.0007261591
1643,0.00045327167
1644,0.97175276
1645,0.17524008
1646,0.026250686
1647,8.503553e-05
1648,0.9981493
1649,0.0052392716
1650,0.9987643
1651,0.16061746
1652,0.4376662
1653,0.0003226422
1654,0.998166
1655,0.74200535
1656,0.96123046
1657,0.008051451
1658,0.00027376448
1659,0.0065645883
1660,0.09331313
1661,0.9999348
1662,0.00019434263
1663,0.9982646
1664,0.00046063354
1665,0.9979527
1666,0.15689372
1667,0.001261249
1668,0.046420593
1669,0.9998491
1670,0.43148234
1671,0.0051447996
1672,0.00030936365
1673,0.99905187
1674,0.006211998
1675,0.00014411082
1676,0.000120973586
1677,0.0028560627
1678,0.0041797822
1679,0.73269355
1680,0.99933404
1681,0.79490775
1682,0.02840357
1683,0.00012433616
1684,0.24396873
1685,0.91804576
1686,0.038588412
1687,0.9998627
1688,0.0004549244
1689,0.0041070087
1690,0.00032541505
1691,0.00022847879
1692,0.043385882
1693,0.84829897
1694,0.0009825728
1695,0.99991953
1696,0.023413248
1697,0.9957832
1698,0.013342255
1699,0.00028817946
1700,0.9992312
1701,0.3518812
1702,0.99970406
1703,0.99064004
1704,0.9994973
1705,0.9949161
1706,0.00058791967
1707,0.011686834
1708,0.99962306
1709,0.0001945028
1710,0.03470356
1711,0.00029065728
1712,0.9980482
1713,0.9993036
1714,0.011029615
1715,0.931676
1716,0.011658691
1717,0.53714204
1718,0.7455913
1719,0.9993457
1720,0.55862015
1721,0.99995625
1722,0.9998946
1723,0.35114762
1724,0.24730834
1725,0.00072810316
1726,0.0009656377
1727,0.97373146
1728,0.10964457
1729,0.00023636558
1730,0.013246274
1731,0.999244
1732,0.96869904
1733,5.7468813e-05
1734,0.9885711
1735,0.89122176
1736,0.99981445
1737,0.029864104
1738,0.9997243
1739,0.22929412
1740,0.99933857
1741,0.9992306
1742,0.9990822
1743,0.9998462
1744,0.000103506296
1745,0.5253673
1746,0.000902555
1747,0.000112073896
1748,0.00037582213
1749,0.998987
1750,0.45710272
1751,0.42990485
1752,0.9998555
1753,0.8858371
1754,0.00015474684
1755,0.00019275793
1756,0.16462658
1757,0.9976199
1758,0.99969614
1759,0.00012159904
1760,0.9998692
1761,0.99997807
1762,0.0003878875
1763,0.004192394
1764,0.0070076203
1765,0.99946946
1766,0.00013152437
1767,0.9989348
1768,0.00016027753
1769,0.04429093
1770,0.0022940265
1771,0.96851224
1772,0.0001708534
1773,0.99969673
1774,0.99900824
1775,0.98678863
1776,0.9987501
1777,0.97543305
1778,0.025993876
1779,0.005305555
1780,0.99976903
1781,0.99947065
1782,0.0030978275
1783,0.9999516
1784,0.00076294143
1785,0.00010777677
1786,0.9994005
1787,0.003965113
1788,7.797744e-05
1789,0.99557954
1790,0.9665758
1791,0.0001835905
1792,0.9990382
1793,0.92018986
1794,0.00066143385
1795,0.00060666347
1796,7.730178e-05
1797,0.9988096
1798,6.852487e-05
1799,0.99315673
1800,0.9996941
1801,0.98813325
1802,0.008048481
1803,0.99992454
1804,0.96876603
1805,0.000639189
1806,0.99952817
1807,0.9594348
1808,0.0008144846
1809,0.00010024193
1810,0.051824372
1811,0.99970007
1812,0.26504037
1813,0.5365457
1814,0.9987883
1815,0.9994771
1816,0.02645327
1817,0.99911124
1818,0.98913574
1819,0.9995285
1820,0.0012010656
1821,0.098742075
1822,0.0031780622
1823,0.9976646
1824,0.0060317926
1825,0.9993249
1826,0.9991002
1827,0.9983563
1828,0.7635274
1829,0.00033878884
1830,0.9993654
1831,0.9994423
1832,0.9995746
1833,0.9997825
1834,0.0019905686
1835,0.99983406
1836,0.999887
1837,0.0030842153
1838,0.0028618781
1839,0.061623506
1840,0.99854517
1841,0.99966884
1842,0.9809264
1843,0.99690694
1844,0.0034790952
1845,0.0023188088
1846,0.99979943
1847,0.21176405
1848,0.006890969
1849,0.9213374
1850,0.69582295
1851,0.00038351788
1852,0.0007690493
1853,0.99973994
1854,0.0006419319
1855,0.99331
1856,0.00084814744
1857,0.9998585
1858,0.9746728
1859,0.9506363
1860,0.99960214
1861,0.0046817693
1862,0.67564446
1863,0.2985256
1864,0.14095905
1865,0.0005056091
1866,0.0009062052
1867,0.0048927623
1868,0.0020895018
1869,0.992593
1870,0.022228517
1871,0.99991226
1872,0.06083934
1873,0.01781544
1874,0.9952205
1875,0.99503183
1876,0.025752142
1877,0.999332
1878,0.9996425
1879,0.37313786
1880,0.0013003815
1881,0.1793608
1882,0.9993205
1883,0.95408934
1884,0.00021740758
1885,0.93060154
1886,0.76491165
1887,0.9999329
1888,0.99668044
1889,0.99993503
1890,0.0027747788
1891,0.0068751927
1892,0.0022086913
1893,0.9974427
1894,0.061311644
1895,0.99991524
1896,0.00045145006
1897,0.9936167
1898,0.9994466
1899,0.9998363
1900,0.9971727
1901,0.9931948
1902,0.06912143
1903,0.00019280537
1904,0.9995509
1905,0.9985103
1906,0.7973188
1907,0.015133762
1908,0.9039725
1909,0.9921295
1910,0.003053028
1911,0.027823461
1912,0.6237433
1913,0.18604383
1914,0.9983016
1915,0.00035581528
1916,0.008712035
1917,0.87714446
1918,0.9997297
1919,0.99847764
1920,0.009277055
1921,0.00025815555
1922,0.0012348784
1923,0.99991405
1924,0.8995888
1925,0.0011425928
1926,0.00011660136
1927,0.99976236
1928,0.0031297766
1929,0.9925861
1930,0.99230886
1931,0.04202871
1932,0.92840725
1933,0.9991221
1934,0.9998129
1935,0.99193233
1936,0.000116592804
1937,0.99929714
1938,0.0006590343
1939,0.0010663688
1940,0.024271937
1941,0.009801673
1942,0.8629039
1943,0.99982005
1944,0.99952257
1945,0.99985135
1946,0.9971916
1947,0.16597603
1948,0.003836992
1949,0.0003504989
1950,0.9998286
1951,0.9997875
1952,0.99975306
1953,0.99648297
1954,0.0035233481
1955,0.99737644
1956,0.94917536
1957,0.00019964897
1958,0.9747243
1959,0.8047952
1960,0.99920815
1961,0.7848095
1962,0.0029226479
1963,0.00027472642
1964,0.9995215
1965,0.00049299956
1966,0.9995478
1967,0.07301239
1968,0.9829266
1969,0.9998221
1970,0.7463518
1971,0.09733257
1972,0.009523781
1973,0.6230092
1974,0.00011223592
1975,0.13409013
1976,0.96601796
1977,0.99993646
1978,0.0021534252
1979,0.0004015886
1980,0.060233466
1981,0.9997849
1982,0.0005127058
1983,0.50296557
1984,0.9998425
1985,0.9985545
1986,0.0049929423
1987,0.9998301
1988,0.9993088
1989,0.0011657182
1990,0.77671266
1991,0.96289873
1992,0.99996686
1993,0.33512416
1994,0.059252802
1995,0.91409016
1996,0.00021791623
1997,0.00020377894
1998,0.99974376
1999,0.021537032
2000,0.008244024
2001,0.9997365
2002,0.002217607
2003,0.41063797
2004,0.93599105
2005,0.4278835
2006,0.0003971118
2007,0.99846303
2008,0.7997677
2009,0.01126456
2010,0.99979323
2011,0.96365833
2012,0.9991303
2013,0.00045828274
2014,0.13013615
2015,0.0013626933
2016,0.0005920483
2017,0.9998012
2018,0.00047260616
2019,0.28460258
2020,0.99898034
2021,0.00017977653
2022,7.138368e-05
2023,0.893373
2024,0.00059225707
2025,0.00013379482
2026,0.8555692
2027,0.99594057
2028,0.9996891
2029,0.99992144
2030,0.3624322
2031,0.99105984
2032,0.00076447916
2033,0.0032816739
2034,0.0005195918
2035,0.96933603
2036,0.9995925
2037,0.0031719606
2038,0.18363099
2039,0.0021916744
2040,0.22658768
2041,0.9914402
2042,0.00045689804
2043,0.00086786353
2044,0.99894863
2045,0.9120935
2046,4.9094295e-05
2047,0.9917148
2048,0.9991128
2049,0.0070718597
2050,0.93331397
2051,0.94915444
2052,0.99856085
2053,0.9884552
2054,0.00042848464
2055,0.14820485
2056,0.000101711856
2057,0.987507
2058,0.9991321
2059,0.010340618
2060,0.039487865
2061,0.011151936
2062,0.00013534968
2063,0.00024410966
2064,0.00023487658
2065,0.0035210503
2066,0.0012231651
2067,0.00046073413
2068,0.999819
2069,0.9997638
2070,0.00038370583
2071,0.0027439585
2072,0.002769473
2073,0.99964356
2074,0.00077933306
2075,0.0010470469
2076,0.9995983
2077,0.99986327
2078,0.00025662177
2079,0.99688977
2080,0.00018827253
2081,0.039290328
2082,0.9995685
2083,0.99785405
2084,0.0004301698
2085,0.99882835
2086,0.00030236656
2087,0.99985385
2088,0.00032370363
2089,0.12275987
2090,0.00034173246
2091,0.9997986
2092,0.358967
2093,0.9967828
2094,0.9979232
2095,0.8849413
2096,0.0016013447
2097,0.9999453
2098,0.9514711
2099,0.99979395
2100,0.9995629
2101,0.0011891922
2102,0.9997348
2103,0.99991965
2104,0.0048590796
2105,0.9843454
2106,0.35705492
2107,0.3922205
2108,0.9997428
2109,0.00058838614
2110,0.9863034
2111,0.9996829
2112,0.9998085
2113,0.00046215754
2114,0.34398788
2115,0.999493
2116,0.15182695
2117,0.009328489
2118,0.00029732139
2119,0.9998216
2120,0.3992741
2121,0.99958664
2122,0.9972312
2123,0.99949956
2124,0.00019393042
2125,0.5868036
2126,0.998895
2127,0.0023978325
2128,0.96217686
2129,0.00029753122
2130,0.03184279
2131,0.0066975313
2132,0.99927086
2133,0.04290851
2134,0.9844711
2135,0.8606912
2136,0.09932396
2137,0.0019157596
2138,0.0021874728
2139,0.0007714362
2140,0.99813724
2141,0.99988484
2142,0.99951184
2143,0.98993826
2144,0.04160027
2145,0.99906725
2146,0.00017140181
2147,0.978395
2148,0.001240139
2149,0.0066107195
2150,0.0009138506
2151,0.5443938
2152,0.7655183
2153,0.00077254896
2154,0.00067160995
2155,0.00094608724
2156,0.092519015
2157,0.37853983
2158,0.0004580076
2159,0.00025380842
2160,0.9993148
2161,0.99952674
2162,0.99937516
2163,0.0013694781
2164,0.23092996
2165,0.9978849
2166,0.9976393
2167,0.94751406
2168,0.042168688
2169,0.99750227
2170,0.9995228
2171,0.00024922087
2172,0.01663311
2173,0.99963844
2174,0.4932037
2175,0.8282053
2176,0.00018359839
2177,0.018313514
2178,0.64976287
2179,0.9980868
2180,0.9996824
2181,0.028948458
2182,0.9830836
2183,0.98950726
2184,0.00018510374
2185,0.9902227
2186,0.99986684
2187,0.013252913
2188,0.18714847
2189,0.99909675
2190,7.0182956e-05
2191,0.8151643
2192,0.96068287
2193,0.0010381893
2194,0.00031502548
2195,0.032708455
2196,0.28462222
2197,0.99160844
2198,0.99938095
2199,0.00019230982
2200,0.9753547
2201,0.99974126
2202,0.017143045
2203,0.00027510466
2204,0.9853858
2205,0.36927015
2206,0.9991153
2207,0.99992514
2208,0.00071347196
2209,0.99898416
2210,0.004754051
2211,0.000109202636
2212,0.54236084
2213,0.99098444
2214,0.98754495
2215,0.9995351
2216,0.8584243
2217,0.73992556
2218,0.004373798
2219,0.988431
2220,0.0015790707
2221,0.9998847
2222,0.9999726
2223,0.99981314
2224,0.00019741793
2225,0.996194
2226,0.99997497
2227,0.9896981
2228,0.90868604
2229,0.9994363
2230,0.01946216
2231,0.0003266615
2232,0.00035236453
2233,0.9998779
2234,0.00032802246
2235,0.14836332
2236,0.119521625
2237,0.011580468
2238,0.057235368
2239,0.99911183
2240,0.09532189
2241,0.0016930866
2242,0.9726716
2243,0.3723239
2244,0.0008782734
2245,0.00012051373
2246,0.29889372
2247,0.93440014
2248,0.9996735
2249,5.733317e-05
2250,0.99988925
2251,0.9999639
2252,0.9971312
2253,0.99972004
2254,0.00020978284
2255,0.00026055137
2256,0.99967074
2257,0.9992342
2258,0.9927226
2259,0.121538155
2260,0.008738091
2261,0.16694763
2262,0.0021214152
2263,0.0022069563
2264,0.98928666
2265,0.00026116343
2266,0.00022072838
2267,0.99994516
2268,0.9997032
2269,0.9997068
2270,0.98838776
2271,0.0003449487
2272,0.99810874
2273,0.9996903
2274,0.9821045
2275,0.54242194
2276,0.5614624
2277,0.99987257
2278,0.047092695
2279,0.0014137566
2280,0.00021688416
2281,0.9979626
2282,0.007729988
2283,0.9984926
2284,0.9654748
2285,0.95322233
2286,0.0080683315
2287,0.999943
2288,0.00028131247
2289,0.000638
2290,0.999897
2291,0.00026475306
2292,0.99874794
2293,0.99802727
2294,0.0005359036
2295,0.9991899
2296,0.99960357
2297,0.9960616
2298,0.9991536
2299,0.99977785
2300,0.015050748
2301,0.00023562192
2302,0.0030967603
2303,0.99920005
2304,0.9942272
2305,0.03400557
2306,0.960014
2307,0.99995947
2308,0.9998524
2309,0.9995332
2310,0.7664757
2311,0.0025186578
2312,0.24906716
2313,0.9989613
2314,0.12491696
2315,0.00019260067
2316,0.006304209
2317,0.95699733
2318,0.0017013039
2319,0.0032743094
2320,0.9923498
2321,0.99981445
2322,0.99974245
2323,0.18214987
2324,0.71172225
2325,0.83276606
2326,0.99979955
2327,0.99451387
2328,0.000109032095
2329,0.0007357425
2330,0.0031710095
2331,0.9998274
2332,0.9950618
2333,0.0002457532
2334,0.9950264
2335,0.99862754
2336,0.8673177
2337,0.9905725
2338,0.9998851
2339,0.0003151066
2340,0.99993956
2341,0.5757658
2342,0.007251602
2343,0.69644934
2344,0.0018625355
2345,0.98658293
2346,0.96058345
2347,0.9995053
2348,0.9991744
2349,0.004282289
2350,0.9998294
2351,0.0023204575
2352,0.9999194
2353,0.90381384
2354,0.9641049
2355,0.001011127
2356,0.038335912
2357,0.89140457
2358,0.0009045498
2359,0.99823254
2360,0.9995974
2361,0.99814236
2362,0.11989473
2363,0.99725014
2364,0.9999145
2365,0.99446315
2366,0.0010454591
2367,0.6272144
2368,0.00023723638
2369,0.9989203
2370,0.0022466488
2371,0.9989926
2372,0.9999236
2373,0.00760979
2374,0.25230998
2375,0.15921432
2376,0.99975294
2377,0.997416
2378,0.0003578347
2379,0.0045085233
2380,0.003584294
2381,0.9993411
2382,0.9898363
2383,0.13881107
2384,0.99761766
2385,0.0012701204
2386,0.00047490632
2387,0.9963967
2388,0.99465203
2389,0.27458656
2390,0.8687625
2391,0.24633802
2392,0.000104580475
2393,0.91422045
2394,0.0003247614
2395,0.087281115
2396,0.35972756
2397,0.9980907
2398,0.9998184
2399,0.9984554
2400,0.99975723
2401,0.95488346
2402,0.00077491795
2403,0.0012300484
2404,0.050246794
2405,0.00033707617
2406,0.99937373
2407,0.0011386827
2408,0.0007604224
2409,0.6218592
2410,5.083308e-05
2411,0.68114555
2412,0.99968493
2413,0.99992645
2414,0.7452202
2415,0.995869
2416,0.13441534
2417,0.99961865
2418,0.00017158971
2419,0.031032808
2420,0.115795456
2421,0.005888014
2422,0.995889
2423,0.1913597
2424,0.00038431626
2425,0.0021179244
2426,0.0021501111
2427,0.20817252
2428,0.00022008953
2429,0.0038407864
2430,0.72358114
2431,0.00038245812
2432,0.0005066236
2433,0.9988042
2434,0.3764995
2435,0.9585046
2436,0.0016160443
2437,0.9998714
2438,7.691699e-05
2439,0.29854566
2440,0.99591666
2441,0.00029010276
2442,0.9993467
2443,0.99843234
2444,0.97955966
2445,0.9996971
2446,0.00035045363
2447,0.00021704966
2448,0.99702114
2449,0.003057244
2450,0.99937797
2451,0.68404424
2452,0.0016340199
2453,0.99982554
2454,0.08434533
2455,0.99944276
2456,0.005977258
2457,0.9988921
2458,0.22894098
2459,0.93750113
2460,0.99957925
2461,0.0008748039
2462,0.5898543
2463,0.020946719
2464,0.9271203
2465,0.99856514
2466,0.0025649567
2467,0.997106
2468,0.0010808845
2469,0.000102645085
2470,0.00018918705
2471,0.0028313703
2472,0.99891603
2473,0.99917346
2474,0.999587
2475,0.014265792
2476,0.9997621
2477,0.00030787045
2478,0.0007841846
2479,0.98017967
2480,0.99965596
2481,0.01720132
2482,0.9995585
2483,0.99778014
2484,0.9995771
2485,0.9999112
2486,0.0011972323
2487,0.026603226
2488,0.0004284232
2489,0.66169626
2490,0.9999192
2491,0.100945964
2492,0.99677676
2493,0.00011448251
2494,0.42445198
2495,0.0074688643
2496,0.939343
2497,6.30888e-05
2498,0.2298546
2499,0.9935987
2500,0.122393474
2501,0.99928904
2502,0.99988914
2503,0.91528606
2504,0.0007361924
2505,0.00026912894
2506,0.00017962095
2507,0.9997929
2508,0.1564802
2509,0.03238794
2510,0.00025088544
2511,0.9998838
2512,0.029073255
2513,0.99931943
2514,0.99975485
2515,0.9999335
2516,0.0003018809
2517,0.0025555745
2518,0.00011635878
2519,0.0018655395
2520,0.99868506
2521,0.08271462
2522,0.99942774
2523,0.9904489
2524,0.003017595
2525,0.99951315
2526,0.9998548
2527,0.99981195
2528,0.00015305747
2529,0.9923005
2530,0.017543187
2531,0.0029374645
2532,0.99901915
2533,8.517673e-05
2534,0.99983823
2535,0.77051085
2536,0.99791354
2537,0.97763115
2538,0.99274373
2539,0.9991033
2540,0.9936644
2541,0.030248158
2542,0.999676
2543,0.99987805
2544,0.9973634
2545,0.0013877294
2546,0.9999504
2547,5.864498e-05
2548,0.005457395
2549,0.9909099
2550,0.15859783
2551,0.99833566
2552,0.99982494
2553,0.930284
2554,0.99950576
2555,0.000112367095
2556,0.9136412
2557,0.0001284022
2558,0.0010956315
2559,0.01492413
2560,0.00034632755
2561,0.9993242
2562,0.9388976
2563,0.00040687746
2564,0.9997428
2565,0.9860313
2566,0.9636356
2567,0.8774068
2568,0.9999349
2569,0.99988055
2570,0.9998093
2571,0.9741546
2572,0.0026655875
2573,0.2661668
2574,0.00074565335
2575,0.15539253
2576,0.9999224
2577,5.8884943e-05
2578,0.0004654111
2579,0.99971753
2580,0.99925774
2581,0.99947876
2582,0.9998167
2583,0.17844307
2584,0.00074408995
2585,0.98669773
2586,0.0038552757
2587,0.000171691
2588,0.00016818047
2589,0.028052183
2590,0.9997644
2591,0.0001491701
2592,0.9989047
2593,0.0014176915
2594,0.010953159
2595,0.14180443
2596,0.017428288
2597,0.099423535
2598,0.9956033
2599,0.9999565
2600,0.44578996
2601,0.9992599
2602,0.99754035
2603,0.0034293968
2604,0.95255077
2605,0.99909353
2606,0.4168985
2607,0.0008535396
2608,0.08033041
2609,0.017356275
2610,0.9969879
2611,0.013299919
2612,0.0006593355
2613,0.99773717
2614,0.0025945345
2615,0.9998561
2616,0.99736685
2617,0.9999213
2618,0.020881725
2619,0.0016175938
2620,0.0012671599
2621,8.680894e-05
2622,0.12869881
2623,0.0004881011
2624,0.025905764
2625,0.9981419
2626,0.9941451
2627,0.9997075
2628,0.0003533527
2629,0.9996166
2630,0.99947363
2631,0.97959477
2632,0.00011496977
2633,0.99980325
2634,0.0011504721
2635,0.0007625893
2636,0.0006007943
2637,0.0013825769
2638,0.99176836
2639,0.9965661
2640,0.0068191863
2641,0.99474937
2642,0.99819666
2643,0.8936829
2644,0.004296637
2645,0.9998191
2646,0.0024829062
2647,0.9583651
2648,0.0005121292
2649,0.99989533
2650,3.031325e-05
2651,0.99871767
2652,0.99963224
2653,0.9998394
2654,0.9998247
2655,0.036574263
2656,0.00019241382
2657,0.4267425
2658,0.00014809666
2659,0.9996263
2660,0.9977035
2661,0.9990577
2662,0.33333337
2663,8.862906e-05
2664,8.065607e-05
2665,0.079418965
2666,0.00022181554
2667,0.49317414
2668,0.99985266
2669,0.9826881
2670,0.9946912
2671,0.016611256
2672,0.0054131197
2673,0.9998204
2674,0.00090233143
2675,0.6383444
2676,0.9906393
2677,0.000469407
2678,0.9709899
2679,0.020325668
2680,0.99991345
2681,0.10005702
2682,0.46733963
2683,0.99993706
2684,0.05406285
2685,0.0012182101
2686,0.99964094
2687,0.9762187
2688,0.8727515
2689,0.0034738798
2690,0.005523227
2691,0.9942788
2692,0.9943561
2693,0.9980299
2694,0.0009535495
2695,0.99921346
2696,0.40870842
2697,0.15441404
2698,0.00016065991
2699,0.89493835
2700,0.9998523
2701,0.9973515
2702,0.019486569
2703,0.00469428
2704,0.00029564576
2705,0.0031114998
2706,0.0674414
2707,0.0010501207
2708,0.9990169
2709,0.99987733
2710,0.4987188
2711,0.9985038
2712,0.99951506
2713,0.081203096
2714,0.00022978784
2715,0.001317562
2716,0.00026864134
2717,0.9999548
2718,0.034842175
2719,0.999713
2720,0.9995634
2721,0.99911255
2722,0.00047300637
2723,0.9996866
2724,0.0014679051
2725,0.94573724
2726,0.00036638658
2727,0.9960969
2728,0.0014443527
2729,0.00092044036
2730,0.9970595
2731,0.931713
2732,0.9981419
2733,0.9952159
2734,0.9997527
2735,0.0013315235
2736,0.00052517746
2737,0.99138486
2738,0.99856514
2739,0.007490352
2740,0.0010467682
2741,0.9998209
2742,0.91519713
2743,0.50140816
2744,0.34997457
2745,0.2421251
2746,0.0051992415
2747,0.00046427056
2748,0.0026598005
2749,0.9574771
2750,0.96128637
2751,0.37173462
2752,0.004084121
2753,0.61558646
2754,0.9539149
2755,0.00043414268
2756,0.9995814
2757,0.0003054459
2758,0.0001282616
2759,0.99978036
2760,0.9160066
2761,0.99593544
2762,0.99247825
2763,0.99982965
2764,0.005466899
2765,0.0023414653
2766,0.001498894
2767,5.8054666e-05
2768,0.0034646315
2769,0.9993893
2770,0.99517953
2771,0.99443215
2772,0.3746724
2773,0.0001969695
2774,0.9336313
2775,0.9976234
2776,0.00013940872
2777,0.93908745
2778,0.9047769
2779,0.0007924602
2780,0.9960383
2781,0.016609214
2782,0.957193
2783,0.00032871836
2784,0.021846682
2785,0.93691075
2786,0.001308855
2787,0.0038386965
2788,0.24810997
2789,0.0003277464
2790,0.00013289612
2791,0.45598915
2792,0.9917739
2793,0.050706558
2794,0.0007438099
2795,0.61256194
2796,0.8715473
2797,0.9998272
2798,0.9996873
2799,0.0013433882
2800,0.64795715
2801,0.71643716
2802,0.0038059747
2803,0.004743457
2804,0.9738419
2805,0.99982554
2806,0.00012256911
2807,0.99651223
2808,0.9970126
2809,0.13887559
2810,0.9985493
2811,0.0010148431
2812,0.29045618
2813,0.0022500749
2814,0.9056616
2815,0.9994159
2816,0.79489774
2817,0.9015912
2818,0.5766901
2819,0.9747737
2820,0.0064137653
2821,0.0009994883
2822,0.99939823
2823,0.25518295
2824,0.9992143
2825,0.89038223
2826,0.00017034374
2827,0.055302482
2828,0.99595404
2829,0.00024132343
2830,0.99980265
2831,0.0010807198
2832,0.0015895171
2833,0.94148004
2834,0.00024145372
2835,0.26474124
2836,0.999553
2837,0.020765534
2838,0.9345039
2839,0.00016194819
2840,0.005126868
2841,0.9985409
2842,0.0020608597
2843,0.00015821129
2844,0.9996642
2845,0.36932775
2846,0.995469
2847,0.00020863726
2848,0.057110887
2849,0.023541119
2850,0.37853757
2851,0.00014029886
2852,0.017504284
2853,0.99954873
2854,0.99841833
2855,0.26699
2856,0.00013509773
2857,0.00017580959
2858,0.08142803
2859,0.91782445
2860,0.50011706
2861,0.9250131
2862,0.9997657
2863,0.00053845474
2864,0.998575
2865,0.9998273
2866,0.8380633
2867,0.9997855
2868,0.0050476477
2869,0.99738103
2870,0.99955493
2871,0.99973124
2872,0.0018910744
2873,0.99996984
2874,0.0011774809
2875,0.99276537
2876,0.99962497
2877,0.97909033
2878,0.0008228982
2879,0.030625258
2880,0.2952849
2881,0.00042461613
2882,0.00038446227
2883,0.9940084
2884,0.00075524155
2885,0.015930025
2886,0.98418957
2887,0.9995009
2888,0.013033739
2889,0.9999294
2890,0.99817455
2891,0.6009373
2892,0.9996649
2893,0.00022419031
2894,0.9999049
2895,0.099814884
2896,0.9758488
2897,0.9999641
2898,0.00028433246
2899,0.9992092
2900,0.96820045
2901,0.9548067
2902,0.9930252
2903,0.0003977201
2904,0.99174505
2905,0.022831576
2906,0.048626717
2907,0.9992083
2908,0.06393043
2909,6.301467e-05
2910,0.99354774
2911,0.0011205359
2912,0.001965649
2913,0.009884899
2914,0.99355114
2915,0.019271368
2916,0.1603112
2917,0.9993831
2918,0.9998921
2919,0.9998267
2920,0.9999434
2921,0.9999753
2922,0.9997974
2923,0.00016715376
2924,0.9998029
2925,0.9800774
2926,0.9997669
2927,0.035230733
2928,0.99905723
2929,0.9988207
2930,0.997357
2931,0.9995752
2932,0.99978584
2933,0.9994708
2934,0.77982926
2935,0.1609987
2936,0.00019173163
2937,0.9997826
2938,0.004077234
2939,0.9989624
2940,0.9989956
2941,0.9996226
2942,0.05325284
2943,0.7113645
2944,0.00019508136
2945,0.0054206643
2946,0.83769464
2947,0.9974246
2948,0.9998822
2949,0.00094973005
2950,0.99983037
2951,0.9994205
2952,0.00021203552
2953,0.99776995
2954,0.73869103
2955,0.9996766
2956,0.72525865
2957,0.003410303
2958,0.99642915
2959,0.9998902
2960,0.94157296
2961,0.00089692697
2962,0.0003705072
2963,0.85389453
2964,0.9999062
2965,7.661656e-05
2966,0.0003450648
2967,0.9988977
2968,0.9520538
2969,0.7603917
2970,0.99991524
2971,0.9996866
2972,0.8319767
2973,0.9296494
2974,0.99870455
2975,0.9994399
2976,0.9999126
2977,0.9501096
2978,0.999871
2979,0.9998944
2980,8.954014e-05
2981,0.00025470537
2982,0.0010600291
2983,0.025174325
2984,0.9988954
2985,0.5178409
2986,0.17249972
2987,0.9979194
2988,0.010927764
2989,0.00016738646
2990,0.00095738424
2991,0.99967706
2992,0.00022186186
2993,0.189475
2994,0.00043739946
2995,0.99900824
2996,0.26316395
2997,0.9977108
2998,0.00051153504
2999,0.030524418
3000,0.00014196907
3001,0.000245041
3002,0.8862543
3003,0.9986675
3004,0.9960924
3005,0.9999337
3006,0.99994063
3007,0.00047566678
3008,0.9998795
3009,0.9345951
3010,0.9647486
3011,0.0035944565
3012,0.0016826678
3013,0.033166077
3014,0.85177976
3015,0.00010597406
3016,0.00014698035
3017,0.00017197954
3018,0.9979583
3019,0.9994437
3020,0.998676
3021,0.9993766
3022,0.14131398
3023,0.033991702
3024,0.00021467455
3025,0.0004526659
3026,0.00076326757
3027,0.99962056
3028,0.99866855
3029,0.20239955
3030,8.006212e-05
3031,0.9992384
3032,0.9973648
3033,0.99988115
3034,0.09728413
3035,0.0007615443
3036,0.00034477017
3037,0.99987555
3038,0.0027897377
3039,0.9995316
3040,0.00026650328
3041,0.00021111783
3042,0.99891865
3043,0.9996412
3044,0.9995839
3045,0.003172713
3046,0.9982668
3047,0.29300347
3048,0.9996668
3049,0.9712938
3050,0.9994067
3051,0.92745703
3052,0.0009615477
3053,0.951845
3054,0.0024513437
3055,0.00015415759
3056,0.99588805
3057,0.999864
3058,0.99984574
3059,7.10612e-05
3060,0.43286675
3061,0.00015940102
3062,0.99969685
3063,0.99898714
3064,0.99617225
3065,9.884545e-05
3066,0.9990237
3067,0.00045584573
3068,0.999841
3069,0.81796163
3070,0.99989295
3071,0.99387795
3072,0.00025525282
3073,0.99994254
3074,0.007778199
3075,0.8229735
3076,0.0055242013
3077,0.8823345
3078,0.00056959264
3079,0.0007769768
3080,0.9997677
3081,0.99963295
3082,0.00017366349
3083,0.03405471
3084,0.1885591
3085,0.4135968
3086,0.9998795
3087,0.9986166
3088,0.9987231
3089,0.96326315
3090,0.8241075
3091,0.02284294
3092,0.999689
3093,0.00082949747
3094,0.9992674
3095,0.0295768
3096,0.00024474284
3097,0.9463945
3098,0.9997634
3099,0.93480515
3100,0.99938655
3101,0.0009419125
3102,0.895111
3103,0.0064592534
3104,0.04799257
3105,0.9982071
3106,0.00057499524
3107,0.18938173
3108,0.0002997155
3109,0.008583343
3110,0.00018351105
3111,0.0006716407
3112,0.9948284
3113,0.876468
3114,0.98649746
3115,0.9999255
3116,0.7826093
3117,0.9031136
3118,0.96440935
3119,0.0036116983
3120,0.0099077085
3121,0.0546164
3122,0.016386155
3123,0.9870935
3124,0.04699417
3125,0.6352434
3126,0.99968576
3127,0.998825
3128,0.9609085
3129,0.99695
3130,0.99981326
3131,0.9903094
3132,0.999972
3133,0.00029138173
3134,7.471067e-05
3135,0.715947
3136,0.00019407802
3137,0.29205376
3138,0.99975747
3139,0.999501
3140,0.9996886
3141,0.015924428
3142,0.93252844
3143,0.040648803
3144,0.1347356
3145,0.99989104
3146,0.9999273
3147,0.99748
3148,0.9998933
3149,0.4478562
3150,7.5352036e-05
3151,0.9373871
3152,0.99990547
3153,0.99889094
3154,0.9034628
3155,0.009885996
3156,0.99982905
3157,0.99996436
3158,0.9955304
3159,0.99891055
3160,0.00024682187
3161,0.99986315
3162,0.001799573
3163,0.004162003
3164,0.99977905
3165,0.00012272126
3166,0.0012650822
3167,0.9985025
3168,0.999332
3169,0.9950263
3170,0.48313126
3171,0.9996449
3172,0.00073120854
3173,0.9998336
3174,0.99821967
3175,0.00033844
3176,0.99963117
3177,0.012090967
3178,0.9993449
3179,0.009028612
3180,0.99852705
3181,0.0002975735
3182,0.983307
3183,0.8866524
3184,0.9992118
3185,0.9998903
3186,0.999899
3187,0.00023915042
3188,0.998841
3189,0.9982931
3190,0.00063786504
3191,0.0007615958
3192,0.0045832614
3193,0.0003659415
3194,0.0001287294
3195,0.9984041
3196,0.95499945
3197,0.004082773
3198,8.4652434e-05
3199,0.0042477422
3200,0.9644755
3201,0.9998702
3202,0.99990153
3203,0.6859905
3204,0.0021226248
3205,0.0010295062
3206,0.99891925
3207,0.9999349
3208,0.99774975
3209,0.03021504
3210,0.7316645
3211,0.9951121
3212,0.025855258
3213,0.0012920598
3214,0.9996623
3215,0.99798125
3216,0.99991775
3217,0.9593633
3218,0.92584044
3219,0.004041861
3220,0.00012913253
3221,0.00041493567
3222,0.99880505
3223,0.98760855
3224,0.9618722
3225,0.99682033
3226,0.9999131
3227,0.29134923
3228,7.743422e-05
3229,0.9917808
3230,0.99942446
3231,0.995165
3232,0.9976745
3233,0.00015049349
3234,0.9992531
3235,0.21166699
3236,0.18348193
3237,0.31324172
3238,0.08076316
3239,0.9999347
3240,0.9670484
3241,0.9975853
3242,0.00048414804
3243,0.98930126
3244,0.99974936
3245,0.9995752
3246,0.0004019086
3247,0.75860703
3248,0.01301358
3249,0.44871497
3250,0.004909674
3251,0.0024757632
3252,0.9922193
3253,7.0781214e-05
3254,0.0009609657
3255,0.0029931946
3256,0.000805725
3257,0.9976452
3258,0.99982566
3259,0.9944705
3260,0.26948762
3261,0.9998684
3262,0.8424081
3263,0.99958295
3264,0.9994356
3265,0.7652446
3266,0.74266934
3267,0.23546065
3268,0.00038248292
3269,0.00013858089
3270,0.0024716954
3271,0.99943966
3272,0.00032576922
3273,0.9993316
3274,0.997068
3275,0.99431396
3276,0.2579175
3277,0.00020336415
3278,0.95550776
3279,0.99974185
3280,0.00012402545
3281,0.0067283316
3282,0.0013103785
3283,0.9997596
3284,0.9993523
3285,0.0023618697
3286,0.8799656
3287,0.93670446
3288,0.9995521
3289,0.20244096
3290,0.00017310849
3291,0.00043378383
3292,0.99973065
3293,0.0001119864
3294,0.09851651
3295,0.9997762
3296,0.9984346
3297,0.53026426
3298,0.00012676253
3299,0.042984582
3300,0.0033023423
3301,0.00013840538
3302,0.00044189297
3303,0.9997733
3304,0.99777883
3305,0.00063064095
3306,0.0052990816
3307,0.001672907
3308,0.99815124
3309,0.99908113
3310,0.99988866
3311,0.002987211
3312,0.9407756
3313,0.52881503
3314,0.96034294
3315,0.4492917
3316,0.00015835029
3317,0.0005415851
3318,0.99949
3319,0.97551835
3320,0.0012885426
3321,0.9998754
3322,0.00018692456
3323,0.9998498
3324,0.0021051522
3325,0.98296195
3326,0.7043194
3327,0.99974793
3328,0.00035719122
3329,0.0012126428
3330,0.0012205981
3331,0.9965933
3332,0.0093381405
3333,0.00037041114
3334,0.0029571548
3335,0.99918455
3336,0.42831564
3337,0.00020883688
3338,0.5991856
3339,0.99990404
3340,0.98772454
3341,0.95590776
3342,0.00023689169
3343,0.0011495869
3344,0.0002507353
3345,3.920162e-05
3346,0.0012330519
3347,0.9386563
3348,0.9981834
3349,0.9998901
3350,7.008464e-05
3351,0.8320444
3352,0.009805214
3353,0.9995228
3354,0.9996424
3355,0.99542624
3356,0.00921101
3357,0.30197176
3358,0.12135414
3359,0.9979526
3360,0.9875364
3361,0.0064817993
3362,0.019578815
3363,4.785165e-05
3364,0.99983823
3365,0.6184365
3366,0.99994767
3367,0.9898391
3368,0.9456421
3369,0.056565247
3370,0.9685564
3371,0.999137
3372,0.9795249
3373,0.0014580556
3374,0.99795747
3375,0.70067924
3376,0.38796914
3377,0.00047172038
3378,0.0021756287
3379,0.99935883
3380,0.9960467
3381,0.9972479
3382,0.08126301
3383,0.99990034
3384,0.999438
3385,0.9995376
3386,0.9998611
3387,0.019845905
3388,0.003382907
3389,0.9996092
3390,0.86144805
3391,0.9999505
3392,0.999928
3393,0.00137831
3394,0.00027849604
3395,0.0007734328
3396,0.99913305
3397,0.9912718
3398,0.99942255
3399,0.0050587095
3400,0.9931029
3401,0.9979226
3402,0.0044130264
3403,0.9808303
3404,0.01698468
3405,0.00024676166
3406,0.014573558
3407,0.9998018
3408,0.99336606
3409,0.00026578468
3410,0.085838564
3411,0.011965421
3412,0.38325638
3413,0.99948883
3414,0.7465752
3415,0.9996356
3416,0.0022702839
3417,6.32599e-05
3418,0.9998006
3419,0.99792504
3420,0.00016074955
3421,0.9986106
3422,0.015505794
3423,0.95587075
3424,0.0010527094
3425,0.99988306
3426,0.0039562886
3427,0.99952185
3428,0.99787927
3429,0.04482826
3430,0.9996123
3431,9.4473966e-05
3432,0.0007970861
3433,0.132719
3434,0.99889636
3435,0.0022314335
3436,0.009032081
3437,0.17710209
3438,0.99988675
3439,0.0003901426
3440,0.9997446
3441,0.99906105
3442,0.9995271
3443,0.9998516
3444,0.00028926812
3445,0.99988747
3446,0.99991965
3447,0.02475442
3448,0.015303128
3449,0.8551973
3450,0.99991286
3451,0.99965036
3452,0.1607255
3453,0.9995395
3454,6.395178e-05
3455,0.99915695
3456,0.9977551
3457,0.0005987341
3458,0.5829409
3459,0.99764156
3460,0.9998658
3461,0.9998604
3462,0.53673536
3463,0.000102039536
3464,0.99658966
3465,0.9996164
3466,0.0003238595
3467,0.20973681
3468,0.9990214
3469,0.9994236
3470,0.99928963
3471,0.63996124
3472,0.3785961
3473,0.00013338464
3474,0.0002507551
3475,0.0007109366
3476,0.9952944
3477,0.02796588
3478,0.70468825
3479,0.6916516
3480,0.9613745
3481,0.9996612
3482,0.7554811
3483,0.14644915
3484,0.9969079
3485,0.00023938084
3486,0.039363343
3487,0.99301356
3488,0.99966323
3489,7.625823e-05
3490,0.00038619814
3491,0.05830077
3492,0.31531605
3493,0.00029690782
3494,0.9987833
3495,0.9939659
3496,0.9976216
3497,0.9997614
3498,0.26135296
3499,0.18593773
3500,0.99927443
3501,0.9999651
3502,0.00029880847
3503,0.0006847483
3504,0.99887127
3505,0.7838998
3506,0.00019060423
3507,0.9880369
3508,0.9998832
3509,0.99206984
3510,0.9923677
3511,0.0033396261
3512,0.9992644
3513,0.99770594
3514,0.9996166
3515,0.00013601079
3516,0.00020437378
3517,0.99938357
3518,0.99970204
3519,9.477842e-05
3520,0.00017373967
3521,0.9038597
3522,0.8747577
3523,0.999808
3524,0.1649561
3525,0.9995622
3526,0.99990034
3527,0.9997466
3528,0.99938357
3529,0.9985196
3530,0.0007059789
3531,0.9999318
3532,0.0011865095
3533,0.9615734
3534,0.99933904
3535,0.0013551777
3536,0.00071154186
3537,0.9999521
3538,0.99993193
3539,0.9965019
3540,0.97193086
3541,0.9861269
3542,0.96812975
3543,0.06320626
3544,0.990164
3545,0.0002858377
3546,0.0012316364
3547,0.9740829
3548,0.9995499
3549,0.00060416874
3550,0.039081585
3551,0.9925718
3552,0.9976343
3553,0.0002078714
3554,0.9991566
3555,0.4283033
3556,0.99897975
3557,0.0026935965
3558,0.020603897
3559,0.82705617
3560,0.00017258455
3561,0.9332853
3562,0.0011616063
3563,0.99987066
3564,0.6463499
3565,0.027224831
3566,0.98622847
3567,0.98851985
3568,0.999785
3569,0.104380354
3570,0.0036382177
3571,0.22710662
3572,0.986073
3573,0.005236258
3574,0.004676586
3575,0.4375391
3576,0.00024264057
3577,0.8344898
3578,0.99973077
3579,0.9997212
3580,0.0017869115
3581,0.76049083
3582,0.9991586
3583,0.99542147
3584,0.9532991
3585,0.99994016
3586,0.00045186013
3587,0.00018078988
3588,0.00067454524
3589,0.00023894096
3590,0.969383
3591,0.0003517775
3592,0.00077165675
3593,0.9992656
3594,0.9994665
3595,0.00356387
3596,0.9999167
3597,0.9993555
3598,0.9999279
3599,0.0016746527
3600,0.0013414742
3601,0.90519315
3602,0.84624404
3603,0.00028438127
3604,0.98386186
3605,0.003309381
3606,0.99963045
3607,0.9985662
3608,0.00263492
3609,0.9915827
3610,0.9939235
3611,0.0005378766
3612,0.0025377027
3613,0.0005410629
3614,0.027429998
3615,0.012113971
3616,0.99885297
3617,0.0027999536
3618,0.99922574
3619,0.5708154
3620,0.0009454664
3621,0.09378593
3622,0.91346306
3623,0.020406857
3624,0.99241734
3625,0.99974304
3626,0.9518434
3627,0.90453315
3628,0.99779177
3629,0.0014811582
3630,8.658217e-05
3631,0.9789878
3632,0.89318514
3633,0.99996305
3634,6.7678804e-05
3635,0.15893376
3636,0.1268434
3637,0.012521917
3638,0.006619016
3639,0.00013709163
3640,0.98319906
3641,0.0019724728
3642,0.9950681
3643,0.30440575
3644,0.99410605
3645,0.96777046
3646,0.1962087
3647,0.10854942
3648,0.99989843
3649,0.9995384
3650,0.99978834
3651,0.99987257
3652,0.42263076
3653,0.9977325
3654,0.0015379662
3655,0.00085569517
3656,0.9882868
3657,0.9982766
3658,0.00070128095
3659,0.00032166156
3660,0.999848
3661,0.00045713352
3662,0.99967587
3663,0.96210337
3664,0.0003314015
3665,0.9991874
3666,0.0014384326
3667,0.064392895
3668,0.0049086516
3669,0.99756914
3670,0.00027749073
3671,0.84132916
3672,0.99914145
3673,0.028858496
3674,0.99899286
3675,0.0007104259
3676,0.0465324
3677,0.0002691959
3678,0.0056672147
3679,0.0042911493
3680,0.04304277
3681,0.91997087
3682,0.9221317
3683,0.999821
3684,0.04975498
3685,0.9947747
3686,0.23314014
3687,0.00058591703
3688,0.007867225
3689,0.0029611178
3690,0.1160768
3691,0.99980885
3692,0.00054688967
3693,0.9997297
3694,0.0038562648
3695,0.99306494
3696,0.0003508566
3697,0.0012055346
3698,0.99210817
3699,0.39932305
3700,0.9833682
3701,0.7024735
3702,8.943142e-05
3703,0.8601367
3704,0.00019326863
3705,9.903178e-05
3706,0.13383158
3707,0.99932563
3708,0.99993277
3709,0.0051732254
3710,0.20054893
3711,0.99929833
3712,0.9709396
3713,0.0003770931
3714,0.0030435016
3715,0.9998841
3716,0.9994535
3717,0.000651208
3718,0.0057003503
3719,0.018820256
3720,0.9926859
3721,0.0002460735
3722,0.9214232
3723,0.0003534711
3724,0.99957246
3725,0.9937416
3726,0.9994023
3727,0.00042535327
3728,0.999835
3729,0.0007764084
3730,0.99740005
3731,0.170488
3732,0.39663994
3733,0.41617694
3734,0.0004608481
3735,0.022884913
3736,0.4110508
3737,0.015618424
3738,0.00034177303
3739,0.010973945
3740,0.7358234
3741,0.00032643642
3742,0.099523455
3743,0.93549895
3744,0.4770126
3745,0.00469637
3746,9.7329474e-05
3747,0.0046526846
3748,0.99794847
3749,0.010393933
3750,0.9829948
3751,0.008089153
3752,0.999433
3753,0.0002680161
3754,0.002141607
3755,0.99234784
3756,0.0030687558
3757,0.022972923
3758,0.71055734
3759,0.00026517163
3760,0.010759893
3761,0.0009306907
3762,0.99816483
3763,0.00024442523
3764,0.99939823
3765,0.0017015185
3766,0.00068723294
3767,0.9994591
3768,0.9099028
3769,0.9996288
3770,0.9991516
3771,0.00036114772
3772,0.016145805
3773,0.042643998
3774,0.9997247
3775,0.0006330349
3776,0.0008404095
3777,0.9999219
3778,0.0004769353
3779,0.65975887
3780,0.9996902
3781,0.92390525
3782,0.9872722
3783,0.0029428618
3784,0.99998426
3785,0.9556935
3786,0.00809022
3787,0.32934576
3788,0.00068110035
3789,0.0003764064
3790,0.9738428
3791,0.0007809589
3792,0.9987538
3793,0.0001534557
3794,0.0022542933
3795,0.9980478
3796,0.00061822037
3797,0.00046426218
3798,0.0002618161
3799,0.99967396
3800,0.20538674
3801,0.00032544823
3802,0.99988496
3803,0.9979778
3804,0.00029236375
3805,0.029168427
3806,0.00042323244
3807,0.00020488574
3808,0.0009351087
3809,0.00086453365
3810,0.0012185159
3811,0.9998385
3812,0.0074635893
3813,0.9979007
3814,0.9996815
3815,0.003911209
3816,0.0013003994
3817,0.9612886
3818,0.7600784
3819,0.39017013
3820,0.00027928362
3821,0.911384
3822,0.9837144
3823,0.99979466
3824,0.0034345996
3825,0.99757475
3826,0.4740701
3827,9.0242174e-05
3828,0.66413236
3829,0.9998447
3830,0.0011771029
3831,0.021186383
3832,0.9991233
3833,0.99981505
3834,0.7539386
3835,0.0006597196
3836,0.00050934847
3837,0.98942554
3838,0.035428282
3839,0.9994646
3840,0.0032607042
3841,0.041951705
3842,0.9937921
3843,0.99904126
3844,0.005279456
3845,0.93548715
3846,0.991514
3847,0.99860245
3848,0.7011073
3849,0.99991035
3850,0.005955457
3851,0.99470204
3852,0.03804242
3853,0.96473134
3854,0.23242451
3855,0.9981292
3856,0.99991703
3857,0.000531943
3858,0.99977034
3859,0.001618492
3860,0.3060492
3861,0.0006330205
3862,0.009740354
3863,0.99983954
3864,0.25617233
3865,0.067174904
3866,0.9997503
3867,0.0005418388
3868,0.99924254
3869,0.91104645
3870,0.00010023792
3871,0.9986563
3872,0.99794024
3873,0.0004408113
3874,0.96414995
3875,0.9998945
3876,0.99990976
3877,0.9589711
3878,0.00014651705
3879,0.12311769
3880,0.0044831974
3881,0.99825364
3882,0.67927974
3883,0.9973858
3884,0.9190877
3885,0.0001969864
3886,0.9897732
3887,0.9998129
3888,0.99839395
3889,0.9999529
3890,0.00061490666
3891,3.9592083e-05
3892,0.99984646
3893,0.9946471
3894,0.9985953
3895,0.00010011984
3896,0.99875176
3897,0.99987924
3898,0.9999298
3899,0.9919119
3900,0.9996183
3901,0.00040801766
3902,0.00032073737
3903,0.0023113966
3904,0.9949917
3905,0.9991134
3906,0.0005645464
3907,0.055018067
3908,0.998782
3909,0.014172426
3910,0.022891248
3911,0.014505283
3912,0.9999441
3913,0.012495182
3914,0.0018238715
3915,0.01385756
3916,0.0030571104
3917,0.62052226
3918,0.1752849
3919,0.99995494
3920,0.9999628
3921,0.9997749
3922,0.8894564
3923,0.00010438639
3924,0.00033266327
3925,0.999811
3926,0.00018410009
3927,0.0010605565
3928,0.7397416
3929,0.9981469
3930,0.0021292302
3931,0.00054402684
3932,0.99966395
3933,0.99610907
3934,0.9922758
3935,0.9997669
3936,0.9952964
3937,0.00030894982
3938,3.902854e-05
3939,0.9996803
3940,0.061098665
3941,0.99864537
3942,0.1377123
3943,0.999894
3944,0.015249516
3945,0.00045018745
3946,0.0043502087
3947,0.9994759
3948,0.07480322
3949,0.06373541
3950,0.0010510815
3951,0.89946544
3952,0.9999287
3953,0.00157793
3954,0.9998599
3955,0.8527785
3956,0.9857771
3957,0.00015817914
3958,0.9991153
3959,0.00029646064
3960,0.002316869
3961,0.58642375
3962,0.008606759
3963,0.9971975
3964,0.08628144
3965,0.9773098
3966,0.0147095565
3967,0.9985065
3968,0.3755767
3969,0.0007685277
3970,0.9174995
3971,0.8621195
3972,0.00047826715
3973,0.99946433
3974,0.81460035
3975,0.0003360299
3976,0.0002022835
3977,0.0029767288
3978,0.0025092391
3979,0.00072149746
3980,0.0010567759
3981,0.00067129475
3982,0.12056267
3983,0.05826868
3984,0.90294516
3985,0.0101691205
3986,0.9953726
3987,0.99931943
3988,0.98929197
3989,0.031010583
3990,0.99122506
3991,0.99935883
3992,0.0012253106
3993,0.9563097
3994,0.00055920274
3995,0.999782
3996,0.9999466
3997,0.996075
3998,0.9900866
3999,0.014329944
4000,0.000534392
4001,0.9842861
4002,0.9950954
4003,0.7246465
4004,0.11853904
4005,0.9999188
4006,0.9999542
4007,0.99992836
4008,0.9309743
4009,0.0008563269
4010,0.9998741
4011,0.0022367386
4012,0.9998078
4013,0.9974063
4014,0.98893005
4015,0.210414
4016,0.106363714
4017,0.7097139
4018,0.99993336
4019,0.0028720226
4020,0.9997944
4021,0.0033075192
4022,0.99987507
4023,0.9974105
4024,0.68768454
4025,0.99981314
4026,0.0047292174
4027,0.0011161142
4028,0.9999405
4029,0.018404486
4030,0.9998411
4031,0.99940777
4032,0.8740595
4033,0.99975497
4034,0.9998393
4035,0.84876657
4036,0.6538269
4037,0.99981827
4038,0.0022212383
4039,0.00072861294
4040,0.29296795
4041,0.32196996
4042,0.0033916396
4043,0.0014653981
4044,0.11606226
4045,0.00017744846
4046,0.00048404763
4047,0.97834504
4048,0.00040928353
4049,8.215801e-05
4050,0.0006106828
4051,0.9998098
4052,0.95938325
4053,0.99980944
4054,0.00059973507
4055,0.118394025
4056,0.99977773
4057,0.9712215
4058,0.99785846
4059,0.2198957
4060,0.00030891507
4061,0.99957067
4062,0.00015525216
4063,0.0064670458
4064,0.9997621
4065,0.95438665
4066,0.0005893992
4067,0.9990657
4068,0.99776804
4069,0.999076
4070,0.9981084
4071,0.9997807
4072,0.99714774
4073,0.35970506
4074,0.999788
4075,0.009258823
4076,0.99970883
4077,0.9993574
4078,0.65902966
4079,0.95636964
4080,0.9998173
4081,0.99968064
4082,8.832591e-05
4083,0.73656076
4084,0.9982192
4085,0.00064018514
4086,0.0023500277
4087,0.9998709
4088,0.058832746
4089,0.00021784622
4090,0.849771
4091,0.00027276765
4092,0.9972715
4093,0.9999769
4094,0.0010029323
4095,0.9987056
4096,0.53566223
4097,0.99851376
4098,0.00049640704
4099,0.00010516028
4100,0.00014002874
4101,0.002344361
4102,0.046338566
4103,0.9994388
4104,0.061053805
4105,9.844369e-05
4106,0.0002573934
4107,0.00018814871
4108,0.99842346
4109,0.016166503
4110,0.9978929
4111,0.9981725
4112,0.7804881
4113,0.99943024
4114,0.0016746122
4115,0.99812573
4116,0.938096
4117,0.9991136
4118,0.99990153
4119,0.8583635
4120,0.00047908165
4121,0.998796
4122,0.21412721
4123,0.9801547
4124,0.46166652
4125,0.99892163
4126,0.85156894
4127,0.010985031
4128,0.9458797
4129,0.9974734
4130,0.00048172343
4131,0.000108129025
4132,0.8485316
4133,0.013918247
4134,0.0434164
4135,0.9997886
4136,0.87439793
4137,0.00052588223
4138,0.7827871
4139,0.00022047809
4140,0.80756205
4141,0.0011760327
4142,0.99996364
4143,0.041229557
4144,0.99996233
4145,0.6305966
4146,0.02531113
4147,0.99915266
4148,0.0027541495
4149,0.033936884
4150,0.09093217
4151,0.99681693
4152,0.99870765
4153,0.9998944
4154,0.96847624
4155,0.007736592
4156,0.0048478614
4157,0.0019519457
4158,0.00023218796
4159,0.046856787
4160,0.8288127
4161,0.86514866
4162,0.0023885872
4163,0.0015289248
4164,0.00022250862
4165,0.999853
4166,0.99992335
4167,0.0028335024
4168,0.9997571
4169,0.014948694
4170,0.99696904
4171,0.9998636
4172,0.86732656
4173,0.8251486
4174,0.99708027
4175,0.00056138297
4176,0.022269405
4177,0.00048781457
4178,0.019868443
4179,0.0020941512
4180,0.45120353
4181,0.11082569
4182,0.0006544596
4183,0.64800066
4184,0.99992704
4185,0.99889576
4186,0.99987996
4187,8.835076e-05
4188,0.9998437
4189,8.3429426e-05
4190,0.00040413192
4191,0.99913305
4192,0.9215512
4193,0.54661876
4194,0.490611
4195,0.0018679454
4196,0.0024712016
4197,0.0011151519
4198,0.0009785678
4199,0.0026133338
4200,0.9991211
4201,6.305428e-05
4202,0.0009565828
4203,0.002191743
4204,0.9995016
4205,0.99988914
4206,0.00016793369
4207,0.9997199
4208,0.0011927112
4209,0.9958358
4210,0.868225
4211,0.036566813
4212,0.00039870385
4213,0.9666069
4214,0.31703052
4215,0.027915638
4216,0.0010026619
4217,0.9995396
4218,0.00022465058
4219,0.9987184
4220,0.0072447234
4221,0.9980432
4222,0.0018199076
4223,0.020680288
4224,0.9988304
4225,0.91969913
4226,0.47744972
4227,0.9314196
4228,0.9997782
4229,0.00018735154
4230,0.9999007
4231,0.9996338
4232,0.9998777
4233,5.9689515e-05
4234,0.0021221077
4235,0.0010707271
4236,0.001525665
4237,0.8863186
4238,0.00029360366
4239,0.000504853
4240,0.00015269392
4241,0.00020530893
4242,0.0005824382
4243,0.99982554
4244,0.99985266
4245,0.0005441759
4246,0.45418185
4247,0.99526876
4248,0.994843
4249,0.0065657203
4250,0.732719
4251,0.99955577
4252,0.9999546
4253,0.9998493
4254,0.00042267787
4255,0.0005258329
4256,0.99958307
4257,0.00013678466
4258,0.0018611816
4259,0.00043414292
4260,0.0007870478
4261,0.9609635
4262,0.9997063
4263,0.0008172905
4264,0.0027061456
4265,0.9910013
4266,0.99902916
4267,0.9716229
4268,0.962086
4269,0.9988827
4270,0.0009838757
4271,0.9995333
4272,0.0001516531
4273,0.9983851
4274,0.22837952
4275,0.24953057
4276,0.00018736851
4277,0.99984324
4278,0.002840056
4279,0.9698117
4280,0.0004309398
4281,0.0016278668
4282,0.99657696
4283,0.99978524
4284,0.0008128735
4285,0.999129
4286,0.99968517
4287,0.93509436
4288,0.98961216
4289,0.9992447
4290,0.020082798
4291,0.050551705
4292,0.9978694
4293,0.0028828566
4294,0.9997172
4295,0.0067363475
4296,0.0028185342
4297,0.98198706
4298,0.9999671
4299,0.99982196
4300,0.001210623
4301,0.00054681953
4302,0.003261938
4303,0.9996563
4304,0.9998939
4305,0.5098355
4306,0.9992962
4307,0.0023241276
4308,0.99989843
4309,0.0011548734
4310,0.9995486
4311,0.9998223
4312,0.0011183694
4313,0.946415
4314,0.9997093
4315,0.011646214
4316,0.99894017
4317,0.34887034
4318,0.00067596947
4319,0.9994949
4320,0.3256503
4321,0.18254127
4322,0.9984742
4323,0.0031786906
4324,0.00013866919
4325,0.99854636
4326,0.9999517
4327,0.99057215
4328,0.9962745
4329,0.00024215457
4330,0.00087698054
4331,0.9999349
4332,0.9995808
4333,0.9966084
4334,0.96955276
4335,0.00028085074
4336,0.9990657
4337,0.9995403
4338,0.99994826
4339,0.26724035
4340,0.00038476204
4341,0.99991465
4342,0.9997584
4343,0.9991479
4344,0.8389073
4345,0.99994373
4346,0.0015777263
4347,0.99974316
4348,0.004121519
4349,0.00024729583
4350,0.9835106
4351,0.00014135014
4352,0.9884189
4353,0.8954827
4354,0.9996377
4355,0.34399748
4356,0.00014294998
4357,0.72291404
4358,0.99880564
4359,0.00088008953
4360,0.82695633
4361,0.99984336
4362,0.99962795
4363,0.0035544506
4364,0.9989693
4365,0.016701227
4366,0.999728
4367,0.0003309847
4368,0.88165176
4369,0.00013866363
4370,0.0021127397
4371,0.69648767
4372,0.99628866
4373,0.020518448
4374,0.9915731
4375,0.9893498
4376,0.023660015
4377,0.9925996
4378,0.5823084
4379,0.0006486851
4380,0.99558383
4381,0.9447303
4382,0.2928863
4383,0.07697481
4384,0.9625624
4385,0.99902785
4386,0.99729544
4387,0.0037897972
4388,0.9994386
4389,0.00022758216
4390,0.09951896
4391,0.0011059743
4392,0.9914936
4393,0.80390215
4394,0.00012376637
4395,0.9999503
4396,0.9996191
4397,0.0030546363
4398,0.00015919855
4399,0.00038444946
4400,0.9998672
4401,0.01441416
4402,0.9998055
4403,0.005879048
4404,0.9833325
4405,0.013692221
4406,0.99888116
4407,0.00012433688
4408,0.99987304
4409,0.007868434
4410,0.0042350385
4411,0.99981064
4412,0.28603733
4413,0.02536844
4414,0.21791667
4415,0.4095818
4416,0.00039751653
4417,0.9855886
4418,0.0029340128
4419,0.9988643
4420,0.6068796
4421,0.9997323
4422,0.0012964179
4423,0.9994205
4424,0.0019825567
4425,0.060653526
4426,0.1735567
4427,0.9997832
4428,0.9986563
4429,0.38282213
4430,0.0006281281
4431,0.9915073
4432,0.8173813
4433,0.0082813585
4434,0.0010255304
4435,0.99997604
4436,0.9984072
4437,0.0028981199
4438,0.9999454
4439,0.9983766
4440,0.999671
4441,0.9997861
4442,0.00048667367
4443,0.0019800994
4444,0.003612459
4445,0.99916863
4446,0.94942904
4447,0.0004972675
4448,0.5235893
4449,0.99967194
4450,0.06940114
4451,0.056429055
4452,0.000762266
4453,0.042919025
4454,0.00018198689
4455,0.6513616
4456,0.0012884021
4457,0.9998677
4458,0.94574875
4459,0.98246574
4460,0.00027516813
4461,0.04281426
4462,0.99992335
4463,0.00055572565
4464,0.0051712254
4465,0.9988895
4466,0.9992415
4467,0.99990463
4468,0.2869389
4469,0.0002496354
4470,0.99989235
4471,0.0059056156
4472,0.9996202
4473,0.9996942
4474,0.99922514
4475,0.022146882
4476,0.9786703
4477,0.9975567
4478,0.019304
4479,0.3495631
4480,0.99980944
4481,0.83820665
4482,0.04814676
4483,0.0011496268
4484,0.99106205
4485,0.99969184
4486,0.9994773
4487,8.356478e-05
4488,0.0002773056
4489,0.9995097
4490,0.99988866
4491,0.055844698
4492,0.9999697
4493,0.34972483
4494,0.9999449
4495,0.907925
4496,0.99977845
4497,0.9945411
4498,0.9992655
4499,0.052509658
4500,0.99984825
4501,0.99016905
4502,0.00044678937
4503,0.04023136
4504,0.000107839376
4505,0.9995084
4506,0.032745987
4507,0.0886532
4508,0.99878925
4509,0.0005393549
4510,0.9542692
4511,0.0419393
4512,0.99330044
4513,0.002751924
4514,0.0014911189
4515,0.008864771
4516,0.00033215145
4517,0.6330419
4518,0.9999703
4519,0.9997358
4520,0.99993193
4521,0.99796957
4522,0.16311367
4523,0.9973642
4524,0.41601124
4525,0.9994404
4526,0.9996772
4527,0.9368639
4528,0.999931
4529,0.0035579654
4530,0.0021924055
4531,0.093261294
4532,0.00055890967
4533,0.99908936
4534,0.72352576
4535,0.995479
4536,0.40942717
4537,0.0010880257
4538,0.99945587
4539,0.99932826
4540,0.00037834691
4541,0.0031830857
4542,0.99990785
4543,0.99958843
4544,0.9998965
4545,0.0005160088
4546,0.00046053587
4547,0.0002454226
4548,0.001660095
4549,0.0006933123
4550,0.45199335
4551,0.0021547363
4552,0.97670233
4553,0.9992901
4554,0.26770556
4555,0.8452189
4556,0.00015728232
4557,0.012676587
4558,0.9968045
4559,0.019847399
4560,0.9996388
4561,0.9993492
4562,0.0037853855
4563,0.851028
4564,0.9925921
4565,0.00017714448
4566,0.9998097
4567,0.030598637
4568,0.9121807
4569,0.0062326468
4570,0.99947923
4571,0.8616167
4572,0.9943393
4573,0.00058094267
4574,0.99947315
4575,0.99983525
4576,0.9993843
4577,0.0006750424
4578,0.0013912825
4579,0.99152666
4580,0.97212857
4581,0.33400896
4582,0.323894
4583,0.0003952133
4584,0.9883598
4585,0.004753519
4586,0.9989396
4587,0.99506515
4588,0.079871364
4589,0.00028398706
4590,8.5082655e-05
4591,0.99922013
4592,0.0004984717
4593,0.00034143956
4594,0.9989685
4595,0.99843615
4596,0.045984134
4597,0.99963117
4598,0.9992387
4599,0.7526068
4600,0.00036765228
4601,0.98858684
4602,0.9991104
4603,0.56987715
4604,0.009543696
4605,0.00056500285
4606,0.95949507
4607,0.9995776
4608,0.02517276
4609,0.0151033895
4610,0.9998568
4611,0.99836475
4612,0.82653373
4613,0.951595
4614,0.9995919
4615,0.9979073
4616,0.0001399165
4617,0.4058651
4618,0.00038696377
4619,0.9945821
4620,0.9996972
4621,0.9999347
4622,0.8360239
4623,0.99994457
4624,0.92587286
4625,0.000120229306
4626,0.08331304
4627,0.0008408549
4628,0.00029467352
4629,0.9930468
4630,0.030915292
4631,0.00012337587
4632,0.99234563
4633,0.99981135
4634,0.46615487
4635,0.9768064
4636,0.99824214
4637,0.9998202
4638,0.00017753663
4639,0.0013888135
4640,0.81298345
4641,0.010988528
4642,0.9998981
4643,0.0002930089
4644,0.9989429
4645,0.9998565
4646,7.381498e-05
4647,0.0032217936
4648,0.99982315
4649,0.9961324
4650,0.023530884
4651,0.9957979
4652,0.9989446
4653,0.00012589018
4654,0.00027160533
4655,0.97970515
4656,0.999838
4657,0.8800259
4658,0.999899
4659,0.007235568
4660,0.99991333
4661,0.11966606
4662,0.08244797
4663,0.49390274
4664,0.00032919474
4665,0.9554048
4666,0.0015028507
4667,0.99986386
4668,0.9999199
4669,0.6825191
4670,0.9985876
4671,0.5821515
4672,0.13402396
4673,0.99890506
4674,0.22433944
4675,0.00095900794
4676,0.9995976
4677,0.0005029131
4678,0.99947053
4679,0.06732095
4680,0.00018324389
4681,0.9997967
4682,0.00014860775
4683,0.99931955
4684,0.00023389842
4685,0.7684434
4686,0.00023346886
4687,0.0005579484
4688,0.5069467
4689,0.023009822
4690,0.99982566
4691,4.7955848e-05
4692,0.013979543
4693,0.9982122
4694,0.0005736325
4695,0.0008358533
4696,0.0014272844
4697,0.9973744
4698,0.0068747634
4699,0.000101251906
4700,0.00011296088
4701,0.99973136
4702,0.99917847
4703,0.9968675
4704,0.99996555
4705,0.9950781
4706,0.88307405
4707,0.26681674
4708,0.9997873
4709,0.99950635
4710,0.99945956
4711,0.99991393
4712,0.0046020932
4713,0.99063873
4714,0.9755681
4715,0.031532105
4716,0.9999136
4717,0.0007489406
4718,0.9966558
4719,0.9980306
4720,0.00030023055
4721,0.9977723
4722,0.9703959
4723,0.99933064
4724,0.99486876
4725,0.9960259
4726,0.9273579
4727,0.0025649678
4728,0.0007211506
4729,0.002903547
4730,0.00044523156
4731,0.00014271912
4732,0.99985456
4733,0.9945991
4734,0.99857926
4735,0.9997626
4736,0.99912816
4737,0.009626904
4738,0.99983954
4739,0.001221961
4740,0.0010787941
4741,0.999851
4742,0.9997149
4743,0.00038815103
4744,0.63985074
4745,0.0006616423
4746,0.98622847
4747,0.0004129833
4748,0.03967734
4749,0.0027363382
4750,0.99725527
4751,0.98983496
4752,0.9896864
4753,0.02564773
4754,9.065307e-05
4755,0.9990969
4756,0.039301604
4757,0.9995208
4758,0.0035768696
4759,0.9994461
4760,0.21657808
4761,0.00025105246
4762,0.9968405
4763,0.0001664549
4764,0.9994137
4765,0.99994683
4766,0.99962544
4767,0.9989755
4768,0.9980404
4769,0.99344254
4770,0.994942
4771,0.99785584
4772,0.94093966
4773,0.0009507893
4774,0.93354225
4775,0.001524369
4776,0.010907486
4777,0.99903023
4778,0.9902028
4779,0.04248502
4780,0.22711566
4781,0.00020889861
4782,0.99842983
4783,0.923111
4784,0.9976884
4785,0.88732505
4786,0.9974758
4787,0.00026725544
4788,0.0016427602
4789,5.4047203e-05
4790,0.99960667
4791,0.001153743
4792,0.01684065
4793,0.99982846
4794,0.99978274
4795,0.9997497
4796,0.9994438
4797,0.9999094
4798,0.99980646
4799,0.0058154613
4800,0.0026504907
4801,0.99960226
4802,0.99997115
4803,0.92965364
4804,0.99954456
4805,0.98057634
4806,0.99552995
4807,0.002058384
4808,0.99865746
4809,0.007770747
4810,0.0017436367
4811,0.047936197
4812,0.99989426
4813,0.9995291
4814,0.057148352
4815,0.007861804
4816,0.3874733
4817,0.0047497735
4818,0.7761033
4819,0.0003343994
4820,0.95330906
4821,0.9346304
4822,0.9753329
4823,0.72452414
4824,0.9937459
4825,0.999846
4826,0.0025685397
4827,0.99935955
4828,0.0012038936
4829,0.9998505
4830,0.0038377428
4831,0.004674181
4832,6.58507e-05
4833,0.99989724
4834,0.99985945
4835,0.9990947
4836,0.99924916
4837,0.99993587
4838,0.14956607
4839,0.003259418
4840,0.025538359
4841,0.03118278
4842,0.99967146
4843,0.9991666
4844,0.9993513
4845,0.99877566
4846,0.0015536493
4847,0.00019973141
4848,0.00026454008
4849,0.950501
4850,0.999902
4851,0.9985422
4852,0.015606472
4853,0.99980336
4854,0.99968123
4855,0.99962234
4856,0.00018836753
4857,0.00055431586
4858,0.9997503
4859,0.8546052
4860,0.9968546
4861,0.99970263
4862,0.9992353
4863,0.9997323
4864,0.0005160836
4865,0.9997267
4866,0.0027467469
4867,0.6980172
4868,0.61273414
4869,0.9416707
4870,0.99782926
4871,0.00012073595
4872,0.055672284
4873,0.999376
4874,0.99685764
4875,0.56672865
4876,0.00048528626
4877,0.98904175
4878,0.00013259905
4879,0.00045662004
4880,0.9968579
4881,0.99087125
4882,0.99966764
4883,0.9996662
4884,0.83473045
4885,0.0036847144
4886,0.0005741702
4887,0.87537414
4888,0.99788696
4889,0.472225
4890,0.23872024
4891,0.1285499
4892,0.9993709
4893,0.00033136137
4894,0.99904233
4895,0.99962974
4896,0.9952348
4897,0.0051169517
4898,0.9288996
4899,0.00021745295
4900,0.77365863
4901,0.04424338
4902,0.646177
4903,0.005351151
4904,0.00046504283
4905,0.028696522
4906,0.00047989518
4907,0.9940637
4908,0.99992895
4909,0.0018330503
4910,0.59767616
4911,0.99995506
4912,0.9986253
4913,0.0002223008
4914,0.99987435
4915,0.8925051
4916,0.99020153
4917,0.04881307
4918,0.99993265
4919,0.00016833817
4920,0.9999459
4921,0.69028014
4922,0.99773175
4923,0.0015809272
4924,0.9064962
4925,0.8337193
4926,0.009685302
4927,0.36223277
4928,0.0021995478
4929,0.0006366719
4930,0.9999511
4931,0.008904277
4932,0.04853439
4933,0.005924898
4934,0.99884987
4935,0.97826755
4936,0.0031893072
4937,0.9996244
4938,0.0010308655
4939,0.9984333
4940,0.93842053
4941,0.0042207274
4942,0.05264722
4943,0.0074772043
4944,0.9996573
4945,0.0028989993
4946,0.9968605
4947,0.9963542
4948,0.9998461
4949,0.07776104
4950,0.9990716
4951,0.9997595
4952,0.99733585
4953,0.0015681552
4954,0.94284064
4955,0.0004817574
4956,0.2955028
4957,0.9997036
4958,0.009712741
4959,0.9998578
4960,0.99925786
4961,0.9999324
4962,0.0013999089
4963,0.9282847
4964,0.91739434
4965,0.000107565465
4966,0.9992841
4967,0.0032291692
4968,0.00012529163
4969,0.0001455021
4970,0.00051920663
4971,0.0736208
4972,0.9926615
4973,0.9999124
4974,0.0006524999
4975,0.9983026
4976,0.2332161
4977,0.9974712
4978,0.42040262
4979,0.033532776
4980,0.00030238155
4981,0.99035513
4982,0.9949772
4983,0.99862945
4984,0.95692027
4985,0.0025595422
4986,0.0001799971
4987,0.9998012
4988,0.004727483
4989,0.90867376
4990,0.0014423748
4991,0.0005089059
4992,0.8858201
4993,0.9970874
4994,0.22338589
4995,0.9998547
4996,0.0026198681
4997,0.001251259
4998,0.10318165
4999,4.2773365e-05
